,sitename,Count1,Count2,Count3,year
1,1,0,0,2,2013
2,2,0,0,2,2013
3,3,0,0,0,2013
216,4,0,0,0,2013
217,5,0,0,0,2013
218,6,1,0,0,2013
4,7,0,0,0,2013
5,8,0,0,1,2013
6,9,0,0,0,2013
7,10,0,0,0,2013
222,11,0,0,0,2013
223,12,0,0,1,2013
224,13,0,0,0,2013
225,14,0,0,0,2013
9,15,0,0,1,2013
10,16,0,0,2,2013
227,17,0,1,0,2013
228,18,1,1,2,2013
129,19,0,0,0,2013
230,25,0,0,0,2013
231,26,0,0,0,2013
234,27,0,0,0,2013
235,28,0,0,0,2013
132,29,0,0,0,2013
131,30,0,0,0,2013
24,32,0,0,1,2013
25,33,0,0,0,2013
26,34,0,0,0,2013
236,42,0,0,0,2013
135,44,0,0,0,2013
136,45,0,0,0,2013
137,46,0,0,0,2013
138,47,0,0,1,2013
139,48,0,1,0,2013
141,50,0,1,0,2013
142,51,0,0,0,2013
143,52,0,0,0,2013
33,54,2,0,0,2013
34,55,0,0,0,2013
35,56,2,0,1,2013
36,57,0,0,1,2013
37,58,0,0,0,2013
238,63,1,1,0,2013
239,64,0,1,1,2013
149,65,0,2,0,2013
150,67,0,1,5,2013
151,68,0,1,0,2013
152,69,0,0,1,2013
153,70,0,2,0,2013
155,72,0,0,0,2013
171,73,1,3,0,2013
179,75,0,0,0,2013
180,76,1,0,1,2013
73,77,0,0,0,2013
83,78,0,2,1,2013
84,79,0,0,0,2013
85,80,0,0,0,2013
86,81,0,1,0,2013
39,82,2,0,0,2013
40,83,0,0,0,2013
43,85,0,0,0,2013
241,90,0,2,1,2013
242,92,0,0,2,2013
158,93,0,0,0,2013
159,94,1,0,0,2013
160,95,0,0,0,2013
161,96,0,0,0,2013
165,97,2,2,1,2013
166,98,0,0,0,2013
167,99,3,0,2,2013
168,100,2,4,0,2013
169,102,1,1,1,2013
178,103,0,0,0,2013
181,104,0,0,0,2013
89,105,0,0,0,2013
90,106,0,0,0,2013
91,107,0,1,0,2013
88,108,0,0,0,2013
95,109,4,5,2,2013
96,110,5,3,2,2013
97,111,4,2,1,2013
98,112,4,1,3,2013
99,113,2,0,1,2013
47,117,0,0,1,2013
48,118,4,5,2,2013
49,119,0,0,0,2013
247,126,3,1,1,2013
248,127,0,0,0,2013
253,128,1,3,3,2013
156,129,0,0,0,2013
157,130,0,0,0,2013
162,132,0,0,0,2013
188,135,0,5,3,2013
189,136,0,1,0,2013
191,137,2,3,2,2013
192,138,0,2,1,2013
198,139,0,0,0,2013
199,140,0,0,0,2013
183,142,0,0,0,2013
184,143,0,1,0,2013
203,144,0,0,1,2013
92,145,0,1,1,2013
93,146,0,0,1,2013
94,147,0,0,0,2013
108,148,0,0,0,2013
109,149,1,1,0,2013
100,150,1,0,1,2013
101,151,3,2,5,2013
51,152,0,0,0,2013
52,154,0,0,0,2013
54,156,0,0,0,2013
254,169,0,0,0,2013
255,170,0,1,1,2013
256,171,1,1,2,2013
257,172,0,0,0,2013
258,173,0,2,2,2013
260,174,1,0,0,2013
261,175,1,1,1,2013
264,177,0,0,0,2013
265,178,0,0,0,2013
190,184,0,0,0,2013
193,185,0,0,0,2013
194,186,0,3,1,2013
200,188,0,0,0,2013
201,189,0,0,0,2013
205,191,0,0,1,2013
206,192,3,2,0,2013
112,193,0,1,2,2013
102,198,1,0,0,2013
103,199,1,2,2,2013
56,200,1,0,0,2013
57,201,0,0,0,2013
58,203,2,0,0,2013
59,204,2,0,0,2013
60,205,0,0,0,2013
266,215,0,1,2,2013
267,216,0,0,1,2013
268,217,4,4,3,2013
269,218,0,1,0,2013
270,219,0,6,3,2013
271,220,0,0,0,2013
272,221,1,0,1,2013
273,222,0,1,0,2013
274,223,3,0,1,2013
278,224,0,0,0,2013
279,225,0,0,0,2013
202,228,0,0,0,2013
113,229,1,1,2,2013
114,230,1,1,1,2013
115,231,2,1,1,2013
105,235,1,2,1,2013
61,238,4,2,5,2013
62,239,4,2,2,2013
63,240,1,3,0,2013
64,241,0,1,2,2013
66,242,3,5,7,2013
67,244,1,4,3,2013
68,245,0,0,0,2013
281,256,0,0,0,2013
282,257,0,0,1,2013
283,258,2,0,0,2013
284,259,1,0,0,2013
285,260,0,1,1,2013
288,261,0,0,0,2013
289,262,1,1,0,2013
210,264,0,0,0,2013
211,265,0,1,0,2013
212,266,4,3,1,2013
116,268,0,0,0,2013
117,269,0,0,2,2013
106,272,3,1,2,2013
69,276,1,0,1,2013
290,291,0,0,0,2013
291,292,0,0,0,2013
292,293,0,1,0,2013
213,302,0,0,1,2013
118,305,1,0,0,2013
119,306,0,0,4,2013
107,307,3,2,0,2013
120,308,4,6,4,2013
293,322,1,0,0,2013
294,323,0,0,0,2013
295,324,0,0,0,2013
296,325,0,0,0,2013
121,341,0,1,2,2013
297,354,0,2,0,2013
298,355,0,0,0,2013
122,366,0,4,5,2013
123,367,1,0,0,2013
124,382,1,1,1,2013
125,394,4,2,4,2013
126,408,1,1,1,2013
8,1408,0,0,3,2013
11,1411,0,0,0,2013
12,1412,0,0,0,2013
13,1413,0,0,0,2013
14,1414,0,0,0,2013
15,1415,0,0,3,2013
16,1416,0,0,0,2013
17,1417,0,0,0,2013
18,1418,1,0,0,2013
19,1419,0,0,0,2013
20,1420,0,0,1,2013
21,1421,0,0,2,2013
22,1422,0,0,1,2013
23,1423,0,0,2,2013
27,1427,1,0,2,2013
28,1428,2,4,1,2013
29,1429,0,0,0,2013
30,1430,0,0,0,2013
31,1431,1,1,0,2013
32,1432,0,0,1,2013
38,1438,1,0,0,2013
41,1441,0,0,0,2013
42,1442,0,0,1,2013
44,1444,0,0,0,2013
45,1445,0,0,0,2013
46,1446,0,0,0,2013
50,1450,0,0,0,2013
53,1453,1,3,2,2013
55,1455,0,0,0,2013
65,1465,0,0,0,2013
70,1701,0,0,1,2013
71,1702,0,0,0,2013
72,1703,0,0,0,2013
74,1705,0,0,0,2013
75,1706,0,0,0,2013
76,1707,0,0,0,2013
77,1708,0,0,0,2013
78,1709,0,0,1,2013
79,1710,0,0,2,2013
80,1711,0,0,0,2013
81,1712,0,0,0,2013
82,1713,0,0,0,2013
87,1718,0,1,0,2013
104,1735,1,0,1,2013
110,1741,1,0,1,2013
111,1742,1,0,1,2013
127,1801,0,0,0,2013
128,1802,0,0,0,2013
130,1804,0,0,0,2013
133,1807,0,0,0,2013
134,1808,0,0,0,2013
140,1814,0,1,0,2013
144,1818,0,0,0,2013
145,1819,0,0,0,2013
146,1820,0,0,0,2013
147,1821,0,0,0,2013
148,1822,0,0,0,2013
154,1828,0,0,0,2013
163,1837,0,0,0,2013
164,1838,0,0,0,2013
170,1844,0,3,4,2013
172,1846,1,1,1,2013
173,1847,0,0,0,2013
174,1848,2,0,3,2013
175,1849,0,1,0,2013
176,1850,0,0,0,2013
177,1851,1,0,0,2013
182,1856,0,0,4,2013
185,1859,0,0,0,2013
186,1860,0,0,0,2013
187,1861,1,0,0,2013
195,1869,0,0,0,2013
196,1870,0,0,0,2013
197,1871,1,0,0,2013
204,1878,1,1,0,2013
207,1881,2,3,1,2013
208,1882,0,0,0,2013
209,1883,0,0,0,2013
214,1901,0,1,0,2013
215,1902,0,0,0,2013
219,1906,0,0,0,2013
220,1907,0,0,0,2013
221,1908,0,0,1,2013
226,1913,0,1,0,2013
229,1916,2,0,0,2013
232,1919,0,2,1,2013
233,1920,0,0,2,2013
237,1924,1,0,0,2013
240,1927,0,0,0,2013
243,1930,1,0,0,2013
244,1931,2,4,5,2013
245,1932,0,0,0,2013
246,1933,0,0,0,2013
249,1936,0,1,0,2013
250,1937,0,3,1,2013
251,1938,0,0,2,2013
252,1939,0,3,3,2013
259,1946,0,0,1,2013
262,1949,0,0,0,2013
263,1950,0,3,2,2013
275,1962,2,3,3,2013
276,1963,2,2,4,2013
277,1964,0,0,0,2013
280,1967,1,0,0,2013
286,1973,1,0,1,2013
287,1974,2,3,1,2013
299,1986,0,1,0,2013
300,1987,0,1,2,2013
301,1,0,0,0,2014
302,2,5,2,2,2014
303,3,0,0,0,2014
304,4,0,0,0,2014
305,5,0,1,0,2014
306,6,0,0,0,2014
307,7,0,0,0,2014
308,8,0,1,4,2014
309,9,0,0,0,2014
310,10,0,2,0,2014
311,11,0,0,2,2014
312,12,0,0,0,2014
313,13,0,1,0,2014
314,14,0,0,1,2014
315,15,0,0,0,2014
316,16,0,3,0,2014
317,17,0,0,1,2014
318,18,0,1,4,2014
319,19,0,0,0,2014
320,20,0,0,0,2014
321,21,0,0,0,2014
322,22,0,0,0,2014
323,23,0,0,0,2014
324,24,0,2,1,2014
325,25,0,0,0,2014
326,26,0,0,0,2014
327,27,0,0,0,2014
328,28,0,0,0,2014
329,29,0,0,0,2014
330,30,0,0,1,2014
331,31,0,0,0,2014
332,32,0,0,0,2014
333,33,0,0,0,2014
908,34,0,1,1,2014
334,35,0,0,0,2014
335,36,1,1,1,2014
336,37,0,0,2,2014
337,38,3,3,2,2014
338,39,0,0,0,2014
339,40,1,0,0,2014
340,41,0,2,1,2014
341,42,0,0,0,2014
342,43,0,0,1,2014
343,44,0,0,1,2014
344,45,2,2,1,2014
345,46,0,0,0,2014
346,47,0,0,0,2014
347,48,0,0,0,2014
348,49,3,2,2,2014
349,50,4,2,0,2014
350,51,0,0,1,2014
351,52,0,0,0,2014
352,53,0,0,0,2014
353,54,0,2,4,2014
354,55,0,0,0,2014
355,56,0,4,3,2014
356,57,0,1,0,2014
357,58,0,0,0,2014
358,59,0,1,1,2014
359,60,2,2,1,2014
360,61,0,3,3,2014
361,62,0,0,0,2014
362,63,1,0,0,2014
363,64,0,1,4,2014
364,65,0,2,1,2014
365,66,0,2,0,2014
366,67,1,2,1,2014
367,68,1,0,0,2014
368,69,0,1,0,2014
369,70,0,0,0,2014
370,71,0,0,0,2014
371,72,0,0,0,2014
372,73,0,2,1,2014
373,74,0,0,0,2014
374,75,0,0,0,2014
375,76,0,0,1,2014
376,77,0,1,0,2014
377,78,0,3,4,2014
378,79,3,4,4,2014
379,80,0,1,0,2014
380,81,1,1,3,2014
381,82,2,4,5,2014
382,83,0,1,0,2014
383,84,0,0,0,2014
384,85,0,0,0,2014
385,86,0,0,2,2014
386,87,0,0,0,2014
387,88,0,0,0,2014
388,89,1,3,1,2014
389,90,0,0,0,2014
390,91,0,0,3,2014
391,92,0,0,3,2014
392,93,0,0,0,2014
393,94,0,0,0,2014
394,95,0,0,0,2014
395,96,0,1,0,2014
396,97,2,4,5,2014
397,98,1,1,1,2014
398,99,3,0,1,2014
399,100,0,2,1,2014
400,101,0,0,0,2014
401,102,0,2,2,2014
402,103,0,0,0,2014
403,104,0,0,1,2014
404,105,2,0,0,2014
405,106,1,0,2,2014
406,107,0,0,0,2014
407,108,0,0,0,2014
408,109,0,0,2,2014
409,110,2,5,4,2014
410,111,0,2,4,2014
411,112,0,0,0,2014
412,113,0,2,2,2014
413,114,0,2,2,2014
414,115,2,0,0,2014
415,116,0,0,0,2014
416,117,1,0,0,2014
417,118,1,3,2,2014
418,119,0,0,3,2014
419,120,1,1,0,2014
420,121,1,1,0,2014
421,122,0,0,0,2014
422,123,0,0,0,2014
423,124,0,0,0,2014
424,125,0,0,0,2014
425,126,0,0,2,2014
426,127,0,1,0,2014
427,128,0,2,3,2014
428,129,0,0,0,2014
429,130,0,0,0,2014
430,131,0,0,0,2014
431,132,0,0,0,2014
432,133,0,0,0,2014
433,134,0,0,1,2014
434,135,0,3,4,2014
435,136,0,0,0,2014
436,137,0,0,0,2014
437,138,0,0,0,2014
438,139,0,0,0,2014
439,140,0,0,0,2014
440,141,0,0,0,2014
441,142,0,0,1,2014
442,143,0,0,3,2014
443,144,0,0,1,2014
444,145,0,1,0,2014
445,146,1,0,1,2014
446,147,0,2,1,2014
447,148,2,0,1,2014
448,149,0,1,0,2014
449,150,0,3,2,2014
450,151,0,2,3,2014
451,152,0,0,0,2014
452,153,0,0,1,2014
453,154,0,0,0,2014
454,155,0,0,0,2014
455,156,0,0,0,2014
456,157,0,0,0,2014
457,158,0,0,0,2014
458,159,0,2,1,2014
459,160,0,3,0,2014
460,161,0,0,1,2014
461,162,0,0,0,2014
462,163,0,0,0,2014
463,164,0,1,0,2014
464,165,2,0,0,2014
465,166,0,0,1,2014
466,167,0,0,0,2014
467,168,0,0,0,2014
468,169,0,0,0,2014
469,170,0,1,0,2014
470,171,0,0,0,2014
471,172,0,0,0,2014
472,173,0,0,2,2014
473,174,0,1,0,2014
474,175,0,0,0,2014
475,176,2,1,0,2014
476,177,0,0,3,2014
477,178,0,4,1,2014
478,179,0,0,0,2014
479,180,0,0,0,2014
480,181,0,0,0,2014
481,182,0,0,0,2014
482,183,0,0,0,2014
483,184,0,1,3,2014
484,185,0,0,1,2014
485,186,0,0,1,2014
486,187,1,0,0,2014
487,188,0,0,0,2014
488,189,0,0,0,2014
489,190,0,0,0,2014
490,191,0,0,1,2014
491,192,0,1,0,2014
492,193,0,0,1,2014
493,194,0,1,0,2014
494,195,0,0,0,2014
495,196,1,3,1,2014
496,197,0,0,0,2014
497,198,0,1,2,2014
498,199,0,1,3,2014
499,200,0,1,2,2014
500,201,0,0,2,2014
501,202,0,2,1,2014
502,203,0,3,3,2014
503,204,1,0,0,2014
504,205,0,0,0,2014
505,206,0,0,0,2014
506,207,0,1,0,2014
507,208,0,0,0,2014
508,209,1,1,0,2014
509,210,0,0,0,2014
510,211,0,0,0,2014
511,212,0,0,0,2014
512,213,0,1,0,2014
513,214,0,1,0,2014
514,215,1,1,1,2014
515,216,0,1,1,2014
516,217,0,0,0,2014
517,218,0,0,0,2014
518,219,0,0,0,2014
519,220,0,0,0,2014
520,221,0,0,0,2014
521,222,1,0,0,2014
522,223,0,0,0,2014
523,224,0,0,0,2014
524,225,0,0,0,2014
525,226,0,0,1,2014
526,227,0,0,0,2014
527,228,0,2,0,2014
528,229,1,3,2,2014
529,230,0,0,0,2014
530,231,1,3,3,2014
531,232,0,0,0,2014
532,233,0,2,0,2014
533,234,2,3,3,2014
534,235,0,0,1,2014
535,236,0,2,5,2014
536,237,0,0,2,2014
537,238,0,1,2,2014
538,239,0,0,0,2014
539,240,0,0,0,2014
540,241,0,4,2,2014
541,242,0,2,0,2014
542,243,0,0,0,2014
543,244,0,1,0,2014
544,245,0,1,0,2014
545,246,1,1,0,2014
546,247,0,0,0,2014
547,248,0,0,0,2014
548,249,0,0,0,2014
549,250,0,1,0,2014
550,251,0,0,0,2014
551,252,1,2,1,2014
552,253,0,0,0,2014
553,254,0,0,0,2014
554,255,0,0,0,2014
555,256,0,1,0,2014
556,257,0,0,0,2014
557,258,0,0,0,2014
558,259,0,0,1,2014
559,260,0,0,0,2014
560,261,0,0,1,2014
561,262,0,0,0,2014
562,263,0,0,0,2014
563,264,0,0,0,2014
564,265,0,1,0,2014
565,266,0,1,0,2014
566,267,1,0,2,2014
567,268,0,0,0,2014
568,269,0,0,2,2014
569,270,1,2,2,2014
570,271,0,0,4,2014
571,272,0,2,1,2014
572,273,0,0,0,2014
573,274,0,0,1,2014
574,275,0,0,1,2014
575,276,0,4,2,2014
576,277,0,0,0,2014
577,278,1,0,0,2014
578,279,0,2,0,2014
579,280,0,0,0,2014
580,281,0,0,0,2014
581,282,0,0,0,2014
582,283,0,0,0,2014
583,284,0,1,0,2014
584,285,0,1,0,2014
585,286,0,0,0,2014
586,287,0,0,0,2014
587,288,0,0,0,2014
588,289,0,1,0,2014
589,290,0,1,0,2014
590,291,0,0,0,2014
591,292,0,0,0,2014
592,293,0,0,1,2014
593,294,0,0,0,2014
594,295,0,0,0,2014
595,296,0,0,0,2014
596,297,0,0,0,2014
597,298,0,0,0,2014
598,299,0,0,0,2014
599,300,0,0,0,2014
600,301,0,0,0,2014
601,302,0,0,0,2014
602,303,0,2,2,2014
603,304,0,0,0,2014
604,305,1,1,1,2014
605,306,1,1,0,2014
606,307,0,2,1,2014
607,308,0,1,0,2014
608,309,0,0,0,2014
609,310,0,0,1,2014
610,311,2,5,5,2014
611,312,2,0,0,2014
612,313,0,0,1,2014
613,314,0,0,2,2014
614,315,1,0,0,2014
615,316,0,0,3,2014
616,317,0,0,0,2014
617,318,0,0,1,2014
618,319,0,0,0,2014
619,320,0,0,2,2014
620,321,0,0,0,2014
621,322,0,0,0,2014
622,323,0,1,1,2014
623,324,0,0,0,2014
624,325,0,0,0,2014
625,326,0,0,0,2014
626,327,0,0,0,2014
627,328,0,0,0,2014
628,329,0,0,0,2014
629,330,0,0,0,2014
630,331,0,1,0,2014
631,332,0,0,0,2014
632,333,0,0,0,2014
633,334,0,0,0,2014
634,335,0,0,0,2014
635,336,0,0,0,2014
636,337,0,0,0,2014
637,338,1,1,1,2014
638,339,0,0,0,2014
639,340,0,0,0,2014
640,341,0,0,2,2014
641,342,1,4,1,2014
642,343,0,1,0,2014
643,344,0,0,1,2014
644,345,2,3,2,2014
645,346,0,1,0,2014
646,347,0,3,1,2014
647,348,0,1,0,2014
648,349,0,0,0,2014
649,350,0,0,0,2014
650,351,0,0,0,2014
651,352,0,1,3,2014
652,353,0,0,0,2014
653,354,0,0,0,2014
654,355,0,2,0,2014
655,356,0,0,0,2014
656,357,0,0,0,2014
657,358,0,0,0,2014
658,359,0,0,0,2014
659,360,0,0,0,2014
660,361,0,0,1,2014
661,362,2,1,2,2014
662,363,0,0,3,2014
663,364,0,2,0,2014
664,365,1,1,0,2014
665,366,0,1,4,2014
666,367,1,2,5,2014
667,368,0,1,0,2014
668,369,1,0,0,2014
669,370,0,0,1,2014
670,371,0,2,0,2014
671,372,0,0,0,2014
672,373,0,0,0,2014
673,374,4,4,0,2014
674,375,0,0,0,2014
675,376,0,0,0,2014
676,377,0,0,0,2014
677,378,2,2,0,2014
678,379,1,0,4,2014
679,380,1,4,0,2014
680,381,1,3,0,2014
681,382,1,0,0,2014
682,383,0,0,0,2014
683,384,0,1,0,2014
684,385,0,0,0,2014
685,386,0,1,1,2014
686,387,0,0,0,2014
687,388,3,0,0,2014
688,389,0,0,0,2014
689,390,0,0,0,2014
690,391,0,2,0,2014
691,392,3,0,0,2014
692,393,0,0,0,2014
693,394,1,3,1,2014
694,395,1,2,1,2014
695,396,1,2,1,2014
696,397,0,0,0,2014
697,398,0,0,1,2014
698,399,4,2,0,2014
699,400,0,0,0,2014
700,401,0,0,0,2014
701,402,0,0,0,2014
702,403,3,3,0,2014
703,404,0,0,0,2014
704,405,0,0,0,2014
705,406,0,0,0,2014
706,407,0,0,0,2014
707,408,0,0,0,2014
708,409,0,1,0,2014
709,410,0,0,0,2014
710,411,1,1,2,2014
711,412,0,0,0,2014
712,413,0,0,1,2014
713,414,0,1,0,2014
714,415,1,3,0,2014
715,416,0,0,0,2014
716,417,1,1,0,2014
717,418,0,0,0,2014
718,419,0,0,0,2014
719,420,0,1,0,2014
720,421,0,0,0,2014
721,422,4,4,1,2014
722,423,2,1,1,2014
723,424,0,0,0,2014
724,425,0,2,2,2014
725,426,0,1,0,2014
726,427,0,2,0,2014
727,428,0,0,0,2014
728,429,1,1,0,2014
729,430,0,2,2,2014
730,431,0,0,0,2014
731,432,0,0,0,2014
732,433,0,0,1,2014
733,434,0,0,1,2014
734,435,0,0,0,2014
735,436,0,0,0,2014
736,437,0,2,1,2014
737,438,1,4,1,2014
738,439,0,0,0,2014
739,440,2,1,0,2014
740,441,0,2,0,2014
741,442,0,0,0,2014
742,443,4,1,0,2014
743,444,0,0,1,2014
744,445,0,0,0,2014
745,446,0,1,1,2014
746,447,0,0,0,2014
747,448,0,3,1,2014
748,449,0,1,3,2014
749,450,0,0,0,2014
750,451,0,0,0,2014
751,452,0,2,1,2014
752,453,0,1,0,2014
753,454,0,0,0,2014
754,455,1,1,0,2014
755,456,0,0,0,2014
756,457,1,0,0,2014
757,458,2,1,0,2014
758,459,2,1,4,2014
759,460,0,1,0,2014
760,461,0,0,0,2014
761,462,0,0,1,2014
762,463,0,0,0,2014
763,464,0,0,2,2014
764,465,0,0,0,2014
765,466,0,0,0,2014
766,467,0,0,0,2014
767,468,0,0,0,2014
768,469,0,2,3,2014
769,470,0,0,0,2014
770,471,1,0,1,2014
771,472,0,0,1,2014
772,473,0,0,1,2014
773,474,0,0,0,2014
774,475,0,0,0,2014
775,476,0,0,1,2014
776,477,0,0,0,2014
777,478,0,0,0,2014
778,479,0,0,0,2014
779,480,0,2,0,2014
780,481,0,0,1,2014
781,482,0,0,0,2014
782,483,0,0,0,2014
783,484,0,0,0,2014
784,485,0,0,0,2014
785,486,0,0,2,2014
786,487,0,0,0,2014
787,488,0,0,0,2014
788,489,0,0,0,2014
789,490,0,0,0,2014
790,491,0,1,3,2014
791,492,1,0,0,2014
792,493,1,0,0,2014
793,494,1,1,1,2014
794,495,1,1,1,2014
795,496,0,0,0,2014
796,497,1,0,3,2014
797,498,0,1,0,2014
798,499,0,0,0,2014
799,500,0,0,0,2014
800,501,3,1,0,2014
801,502,0,0,0,2014
802,503,0,1,1,2014
803,504,0,0,0,2014
804,505,0,0,3,2014
805,506,0,0,0,2014
806,507,0,0,0,2014
807,508,0,0,0,2014
808,509,0,0,0,2014
809,510,0,0,0,2014
810,511,0,0,0,2014
811,512,0,1,0,2014
812,513,0,1,0,2014
813,514,1,0,0,2014
814,515,0,2,2,2014
815,516,0,0,1,2014
816,517,0,0,2,2014
817,518,0,0,0,2014
818,519,0,0,0,2014
819,520,0,0,0,2014
820,521,0,0,0,2014
821,522,0,0,0,2014
822,523,0,0,0,2014
823,524,0,0,0,2014
824,525,0,0,0,2014
825,526,0,0,1,2014
826,527,0,0,0,2014
827,528,0,0,0,2014
828,529,0,0,0,2014
829,530,0,2,4,2014
830,531,0,1,1,2014
831,532,0,6,2,2014
832,533,0,0,1,2014
833,534,1,0,0,2014
834,535,0,0,0,2014
835,536,0,0,0,2014
836,537,0,0,0,2014
837,538,0,3,2,2014
838,539,1,3,3,2014
839,540,2,2,4,2014
840,541,0,0,0,2014
841,542,0,5,2,2014
842,543,0,0,0,2014
843,544,0,0,0,2014
844,545,0,0,1,2014
845,546,0,0,2,2014
846,547,1,1,4,2014
847,548,0,2,0,2014
848,549,2,1,0,2014
849,550,0,0,0,2014
850,551,0,1,0,2014
851,552,0,0,0,2014
852,553,0,0,0,2014
853,554,0,1,0,2014
854,555,0,0,0,2014
855,556,0,1,0,2014
856,557,0,0,0,2014
857,558,0,0,0,2014
858,559,0,0,0,2014
859,560,0,1,1,2014
860,561,0,0,0,2014
861,562,0,2,0,2014
862,563,0,0,0,2014
863,564,0,0,0,2014
864,565,0,0,0,2014
865,566,0,0,0,2014
866,567,0,0,0,2014
867,568,0,0,0,2014
868,569,2,2,4,2014
869,570,0,0,0,2014
870,571,0,2,0,2014
871,572,1,0,0,2014
872,573,0,1,0,2014
873,574,0,1,0,2014
874,575,0,0,0,2014
875,576,0,2,0,2014
876,577,0,0,0,2014
877,578,0,0,0,2014
878,579,0,0,0,2014
879,580,0,2,1,2014
880,581,0,0,0,2014
881,582,0,0,0,2014
882,583,0,1,0,2014
883,584,0,1,0,2014
884,585,0,1,0,2014
885,586,0,0,0,2014
886,587,0,0,0,2014
887,588,0,1,0,2014
888,589,0,1,0,2014
889,590,0,0,0,2014
890,591,0,0,0,2014
891,592,0,1,0,2014
892,593,0,0,0,2014
893,594,0,0,0,2014
894,595,0,0,0,2014
895,596,0,0,0,2014
896,597,0,0,0,2014
897,598,0,0,1,2014
898,599,0,0,0,2014
899,600,0,0,0,2014
900,601,0,0,1,2014
901,602,0,0,0,2014
902,603,0,0,0,2014
903,604,0,0,0,2014
904,605,0,0,0,2014
905,606,0,0,0,2014
906,607,0,0,0,2014
907,608,0,0,0,2014
909,1,0,0,0,2015
910,2,1,2,4,2015
911,3,0,0,0,2015
912,4,0,0,0,2015
913,7,0,1,1,2015
914,8,0,0,0,2015
915,9,0,0,0,2015
916,10,1,0,4,2015
917,12,2,0,2,2015
918,13,0,0,0,2015
919,14,0,0,0,2015
920,15,0,0,0,2015
921,16,0,1,1,2015
922,17,3,2,1,2015
923,18,0,0,1,2015
924,19,0,0,0,2015
925,20,0,0,0,2015
926,22,0,0,1,2015
927,23,1,0,0,2015
928,24,0,0,1,2015
929,26,0,0,0,2015
930,27,0,0,0,2015
931,28,0,0,0,2015
932,29,0,0,0,2015
933,30,0,1,0,2015
934,32,0,0,0,2015
935,33,0,1,0,2015
936,34,0,0,1,2015
937,35,0,0,0,2015
938,36,1,0,0,2015
939,37,0,0,0,2015
940,38,0,0,0,2015
941,39,0,0,0,2015
942,40,0,0,0,2015
943,43,0,0,0,2015
944,46,0,0,1,2015
945,50,1,3,4,2015
946,53,0,0,1,2015
947,54,1,1,1,2015
948,55,0,2,0,2015
949,56,0,0,0,2015
950,57,0,0,0,2015
951,58,0,1,0,2015
952,59,0,0,0,2015
953,60,1,0,0,2015
954,61,2,1,1,2015
955,62,0,0,0,2015
956,63,2,4,4,2015
957,64,1,2,3,2015
958,66,1,0,0,2015
959,67,1,5,2,2015
960,68,1,1,0,2015
961,71,1,0,1,2015
962,72,0,0,0,2015
963,73,0,4,1,2015
964,75,0,0,0,2015
965,76,0,0,0,2015
966,80,0,1,1,2015
967,81,0,0,0,2015
968,82,2,4,1,2015
969,83,0,0,0,2015
970,84,0,0,1,2015
971,85,0,0,1,2015
972,88,0,0,0,2015
973,89,2,0,0,2015
974,90,0,0,1,2015
975,91,1,0,2,2015
976,92,1,0,0,2015
977,94,0,0,0,2015
978,95,0,0,0,2015
979,97,0,3,6,2015
980,98,0,0,0,2015
981,100,1,1,1,2015
982,101,0,0,1,2015
983,102,0,1,2,2015
984,103,0,0,0,2015
985,104,0,0,0,2015
986,107,1,0,1,2015
987,108,0,1,0,2015
988,109,1,3,1,2015
989,110,2,1,1,2015
990,111,0,1,2,2015
991,112,0,0,0,2015
992,114,0,1,1,2015
993,115,0,0,0,2015
994,116,0,0,0,2015
995,117,2,5,4,2015
996,118,0,0,1,2015
997,119,0,1,2,2015
998,121,1,1,0,2015
999,122,0,0,0,2015
1000,124,0,0,0,2015
1001,125,1,1,0,2015
1002,126,0,0,2,2015
1003,127,0,0,1,2015
1004,130,0,1,0,2015
1005,131,0,0,0,2015
1006,132,0,0,0,2015
1007,133,0,0,0,2015
1008,135,0,3,2,2015
1009,138,0,0,1,2015
1010,139,0,0,2,2015
1011,140,0,0,1,2015
1012,141,0,0,0,2015
1013,142,0,0,0,2015
1014,143,4,0,0,2015
1015,144,0,0,0,2015
1016,147,0,0,0,2015
1017,148,0,0,1,2015
1018,150,1,2,0,2015
1019,151,0,2,0,2015
1020,152,0,1,0,2015
1021,153,1,2,1,2015
1022,154,0,0,0,2015
1023,155,0,0,0,2015
1024,156,0,0,0,2015
1025,157,1,1,0,2015
1026,159,0,0,0,2015
1027,160,2,0,0,2015
1028,161,1,0,0,2015
1029,162,0,0,0,2015
1030,163,0,1,0,2015
1031,164,0,0,0,2015
1032,166,0,0,0,2015
1033,167,0,0,0,2015
1034,168,0,0,0,2015
1035,174,0,0,0,2015
1036,180,0,0,0,2015
1037,181,0,0,2,2015
1038,182,0,1,1,2015
1039,183,0,0,0,2015
1040,184,0,0,0,2015
1041,186,0,3,1,2015
1042,188,0,0,0,2015
1043,189,0,0,0,2015
1044,190,0,0,0,2015
1045,191,0,0,0,2015
1046,192,1,0,0,2015
1047,194,0,0,1,2015
1048,195,0,0,0,2015
1049,197,3,1,0,2015
1050,200,0,0,0,2015
1051,201,0,0,0,2015
1052,202,0,0,0,2015
1053,203,1,0,0,2015
1054,204,0,0,0,2015
1055,205,0,0,0,2015
1056,206,0,0,0,2015
1057,207,0,0,0,2015
1058,209,0,0,0,2015
1059,210,0,0,0,2015
1060,212,0,0,0,2015
1061,213,0,0,2,2015
1062,214,0,0,0,2015
1063,216,0,1,0,2015
1064,217,0,0,0,2015
1065,218,0,0,0,2015
1066,219,0,0,0,2015
1067,220,0,0,0,2015
1068,222,0,0,0,2015
1069,223,1,0,1,2015
1070,224,0,0,0,2015
1071,225,0,0,0,2015
1072,226,0,0,0,2015
1073,227,0,0,0,2015
1074,228,0,0,0,2015
1075,232,0,0,0,2015
1076,233,0,0,0,2015
1077,234,0,1,0,2015
1078,236,0,0,0,2015
1079,237,0,1,0,2015
1080,238,0,0,0,2015
1081,239,0,0,0,2015
1082,240,0,0,1,2015
1083,241,0,0,0,2015
1084,242,2,0,1,2015
1085,243,0,1,0,2015
1086,244,0,0,0,2015
1087,245,0,0,0,2015
1088,246,0,0,0,2015
1089,248,0,0,2,2015
1090,249,0,0,0,2015
1091,250,1,0,0,2015
1092,251,0,0,0,2015
1093,255,0,0,0,2015
1094,257,0,0,0,2015
1095,258,0,0,0,2015
1096,259,0,0,0,2015
1097,261,0,0,0,2015
1098,262,0,0,0,2015
1099,264,0,0,0,2015
1100,265,0,0,0,2015
1101,271,0,0,0,2015
1102,273,0,0,0,2015
1103,274,0,0,0,2015
1104,275,0,1,6,2015
1105,276,0,1,1,2015
1106,277,1,0,0,2015
1107,278,0,0,0,2015
1108,279,0,0,0,2015
1109,280,0,0,0,2015
1110,281,0,0,0,2015
1111,282,0,0,0,2015
1112,283,2,1,0,2015
1113,284,0,0,0,2015
1114,286,0,0,0,2015
1115,287,0,0,0,2015
1116,288,0,0,0,2015
1117,289,0,0,0,2015
1118,292,0,0,0,2015
1119,293,0,2,1,2015
1120,294,0,1,0,2015
1121,295,0,0,0,2015
1122,296,0,0,0,2015
1123,297,0,0,0,2015
1124,298,0,0,0,2015
1125,299,0,0,1,2015
1126,300,0,0,0,2015
1127,301,0,0,0,2015
1128,302,0,0,0,2015
1129,303,0,0,0,2015
1130,304,0,1,0,2015
1131,305,0,0,1,2015
1132,307,0,0,0,2015
1133,309,0,1,0,2015
1134,310,0,0,0,2015
1135,311,4,1,2,2015
1136,312,0,0,0,2015
1137,313,0,0,0,2015
1138,314,1,0,0,2015
1139,315,0,0,0,2015
1140,316,0,0,0,2015
1141,317,0,0,0,2015
1142,318,0,0,0,2015
1143,319,0,0,0,2015
1144,320,0,1,0,2015
1145,321,0,0,0,2015
1146,324,0,0,0,2015
1147,326,0,0,0,2015
1148,327,0,0,0,2015
1149,328,0,0,0,2015
1150,329,0,0,0,2015
1151,330,0,0,0,2015
1152,331,0,1,0,2015
1153,332,0,0,0,2015
1154,333,0,0,0,2015
1155,334,0,0,0,2015
1156,335,1,0,0,2015
1157,336,0,0,0,2015
1158,337,0,0,0,2015
1159,338,0,1,0,2015
1160,340,0,0,0,2015
1161,341,1,1,0,2015
1162,342,0,0,0,2015
1163,343,0,0,0,2015
1164,344,0,0,0,2015
1165,345,0,0,0,2015
1166,346,0,0,0,2015
1167,347,0,1,0,2015
1168,348,0,0,0,2015
1169,350,0,0,0,2015
1170,351,0,0,1,2015
1171,352,0,0,1,2015
1172,353,0,0,0,2015
1173,356,0,1,0,2015
1174,357,0,0,0,2015
1175,358,2,0,0,2015
1176,359,0,0,0,2015
1177,360,0,0,0,2015
1178,361,0,0,0,2015
1179,363,0,0,0,2015
1180,364,0,0,0,2015
1181,365,0,1,1,2015
1182,366,1,3,2,2015
1183,367,0,0,0,2015
1184,368,0,0,0,2015
1185,369,0,0,0,2015
1186,370,0,0,0,2015
1187,371,0,1,1,2015
1188,372,0,0,5,2015
1189,373,0,1,0,2015
1190,374,0,0,1,2015
1191,375,0,0,0,2015
1192,376,1,0,0,2015
1193,377,0,0,0,2015
1194,378,0,0,0,2015
1195,379,1,1,0,2015
1196,380,0,0,0,2015
1197,381,0,0,0,2015
1198,382,1,0,0,2015
1199,383,1,0,0,2015
1200,384,0,0,0,2015
1201,385,0,0,0,2015
1202,386,0,0,0,2015
1203,387,0,0,0,2015
1204,388,0,1,1,2015
1205,389,0,0,0,2015
1206,390,0,0,0,2015
1207,391,0,0,0,2015
1208,392,0,0,0,2015
1209,393,1,0,0,2015
1210,394,1,0,0,2015
1211,395,0,0,0,2015
1212,396,0,0,0,2015
1213,397,0,0,0,2015
1214,398,1,0,0,2015
1215,399,0,3,2,2015
1216,400,0,0,0,2015
1217,401,0,0,0,2015
1218,402,0,0,0,2015
1219,403,0,0,2,2015
1220,404,0,0,0,2015
1221,405,0,0,0,2015
1222,406,0,0,0,2015
1223,407,0,0,0,2015
1224,409,0,0,0,2015
1225,410,1,1,1,2015
1226,411,1,1,2,2015
1227,412,0,0,0,2015
1228,413,0,0,0,2015
1229,414,0,0,1,2015
1230,415,0,0,3,2015
1231,416,0,0,0,2015
1232,417,0,1,1,2015
1233,418,0,0,0,2015
1234,421,0,0,0,2015
1235,422,1,0,0,2015
1236,424,0,0,0,2015
1237,425,0,1,0,2015
1238,426,2,0,0,2015
1239,428,0,0,0,2015
1240,429,0,0,0,2015
1241,430,0,0,0,2015
1242,431,0,0,1,2015
1243,432,0,1,2,2015
1244,433,0,0,0,2015
1245,434,0,0,0,2015
1246,435,0,0,0,2015
1247,437,0,1,0,2015
1248,438,0,0,0,2015
1249,439,0,0,0,2015
1250,440,0,0,0,2015
1251,441,0,0,0,2015
1252,444,0,0,1,2015
1253,445,0,0,0,2015
1254,446,0,1,0,2015
1255,447,0,0,0,2015
1256,448,2,1,0,2015
1257,449,0,5,1,2015
1258,450,0,0,0,2015
1259,451,1,1,1,2015
1260,452,0,0,0,2015
1261,453,0,0,0,2015
1262,454,0,0,0,2015
1263,455,2,2,1,2015
1264,456,0,1,0,2015
1265,458,0,0,0,2015
1266,460,0,0,1,2015
1267,461,0,1,0,2015
1268,462,0,0,0,2015
1269,463,1,2,1,2015
1270,464,0,0,0,2015
1271,465,1,0,0,2015
1272,467,0,0,1,2015
1273,468,0,0,0,2015
1274,469,0,0,0,2015
1275,470,0,0,0,2015
1276,472,1,0,0,2015
1277,473,0,1,1,2015
1278,474,0,0,0,2015
1279,475,2,2,0,2015
1280,476,1,1,0,2015
1281,477,0,0,0,2015
1282,478,0,0,0,2015
1283,479,0,0,0,2015
1284,480,2,0,0,2015
1285,484,0,0,0,2015
1286,485,0,0,2,2015
1287,486,0,0,0,2015
1288,487,0,0,1,2015
1289,488,0,0,0,2015
1290,489,0,0,0,2015
1291,490,0,0,0,2015
1292,491,0,2,0,2015
1293,492,0,0,0,2015
1294,493,0,0,0,2015
1295,496,0,0,0,2015
1296,497,0,0,0,2015
1297,498,0,0,1,2015
1298,499,0,0,0,2015
1299,500,0,0,0,2015
1300,501,1,0,0,2015
1301,502,0,1,1,2015
1302,503,1,3,3,2015
1303,504,2,0,2,2015
1304,505,0,2,1,2015
1305,507,0,0,0,2015
1306,508,0,0,0,2015
1307,509,0,0,0,2015
1308,510,0,0,0,2015
1309,511,0,0,0,2015
1310,512,0,0,0,2015
1311,513,0,0,0,2015
1312,514,0,1,0,2015
1313,515,3,2,2,2015
1314,516,0,0,1,2015
1315,517,0,0,0,2015
1316,518,0,0,0,2015
1317,519,0,0,0,2015
1318,520,0,0,1,2015
1319,521,1,0,0,2015
1320,522,0,1,2,2015
1321,523,1,0,0,2015
1322,524,0,0,0,2015
1323,525,1,1,0,2015
1324,526,1,0,0,2015
1325,527,0,0,0,2015
1326,528,0,0,0,2015
1327,529,0,0,0,2015
1328,530,0,4,3,2015
1329,531,0,0,0,2015
1330,532,0,0,0,2015
1331,533,0,0,1,2015
1332,534,0,0,0,2015
1333,535,0,0,0,2015
1334,536,1,1,0,2015
1335,537,0,0,0,2015
1336,538,0,0,2,2015
1337,539,0,2,0,2015
1338,540,0,0,1,2015
1339,541,0,1,0,2015
1340,542,0,1,0,2015
1341,543,0,0,0,2015
1342,544,0,0,0,2015
1343,545,0,0,0,2015
1344,546,0,0,0,2015
1345,547,1,0,0,2015
1346,548,0,0,0,2015
1347,549,0,0,0,2015
1348,550,0,0,0,2015
1349,551,0,0,0,2015
1350,552,2,1,0,2015
1351,553,0,0,0,2015
1352,554,0,0,0,2015
1353,555,0,0,0,2015
1354,556,1,0,0,2015
1355,557,0,0,0,2015
1356,558,0,0,0,2015
1357,559,0,0,0,2015
1358,560,0,0,0,2015
1359,561,0,0,0,2015
1360,562,0,0,0,2015
1361,563,0,0,0,2015
1362,564,0,0,0,2015
1363,565,0,0,0,2015
1364,566,0,0,0,2015
1365,567,0,0,0,2015
1366,568,0,0,0,2015
1367,569,0,0,0,2015
1368,570,0,0,0,2015
1369,571,0,0,0,2015
1370,572,0,0,1,2015
1371,573,0,0,0,2015
1372,574,0,0,0,2015
1373,575,0,0,0,2015
1374,576,0,0,0,2015
1375,577,0,0,1,2015
1376,578,0,0,0,2015
1377,579,0,0,0,2015
1378,580,0,0,0,2015
1379,581,0,0,0,2015
1380,582,0,0,0,2015
1381,583,0,0,0,2015
1382,584,0,2,3,2015
1383,585,0,3,1,2015
1384,586,1,2,2,2015
1385,587,2,2,1,2015
1386,588,0,0,1,2015
1387,589,0,0,0,2015
1388,590,0,0,0,2015
1389,591,0,0,0,2015
1390,592,0,0,0,2015
1391,593,0,0,0,2015
1392,594,0,1,3,2015
1393,595,0,0,1,2015
1394,596,0,1,0,2015
1395,597,0,1,1,2015
1396,598,0,0,3,2015
1397,599,0,1,1,2015
1398,600,0,0,0,2015
1399,601,0,0,0,2015
1400,602,0,1,1,2015
1401,603,0,1,0,2015
1402,604,1,1,0,2015
1403,605,0,1,0,2015
1404,606,1,0,3,2015
1405,607,0,1,0,2015
1406,608,0,0,0,2015
1407,609,0,0,0,2015
1408,610,0,0,0,2015
1409,611,0,0,0,2015
1410,612,0,0,0,2015
1411,613,1,0,0,2015
1412,614,0,0,0,2015
1413,615,0,0,0,2015
1414,616,0,0,0,2015
1415,617,0,0,0,2015
1416,618,1,0,0,2015
1417,619,0,0,0,2015
1418,620,0,0,0,2015
1419,621,0,0,0,2015
1420,622,0,0,0,2015
1421,623,0,1,0,2015
1422,624,0,0,0,2015
1423,625,0,0,0,2015
1424,626,0,0,0,2015
1425,627,0,0,0,2015
1426,628,0,0,0,2015
1427,629,0,0,0,2015
1428,630,0,0,0,2015
1429,631,0,0,0,2015
1430,632,0,0,0,2015
1431,633,0,0,1,2015
1432,634,0,0,0,2015
1433,635,0,0,0,2015
1434,636,0,0,0,2015
1435,637,0,0,0,2015
1436,638,0,0,0,2015
1437,639,0,0,0,2015
1438,640,0,0,0,2015
1439,641,0,0,0,2015
1440,642,0,0,0,2015
1441,643,2,4,4,2015
1442,644,0,0,0,2015
1443,645,0,0,0,2015
1444,646,0,0,0,2015
1445,647,0,0,0,2015
1446,648,0,0,0,2015
1447,649,0,0,0,2015
1448,650,0,0,0,2015
1449,651,0,0,0,2015
1450,652,2,0,0,2015
1451,653,0,0,0,2015
1452,654,0,0,0,2015
1453,655,0,0,0,2015
1454,656,0,0,0,2015
1455,657,0,0,0,2015
1456,658,0,0,0,2015
1457,659,0,0,0,2015
1458,660,0,0,0,2015
1459,661,0,0,0,2015
1460,662,0,1,0,2015
1461,663,0,0,0,2015
1462,664,0,0,0,2015
1463,665,1,0,1,2015
1464,666,0,0,0,2015
1465,667,0,0,0,2015
1466,668,0,1,0,2015
1467,669,0,0,4,2015
1468,670,0,0,0,2015
1469,671,0,0,0,2015
1470,672,0,0,0,2015
1471,673,0,0,0,2015
1472,674,0,0,0,2015
1473,675,0,0,0,2015
1474,676,0,0,0,2015
1475,677,0,0,0,2015
1476,678,0,1,0,2015
1477,679,0,0,0,2015
1478,680,0,0,0,2015
1479,681,0,0,0,2015
1480,682,0,0,0,2015
1481,683,0,0,0,2015
1482,684,0,0,0,2015
1483,685,0,0,0,2015
1484,686,0,0,0,2015
1485,687,0,0,0,2015
1486,688,0,0,1,2015
1487,689,0,1,0,2015
1488,690,0,0,0,2015
1489,691,0,0,0,2015
1490,692,0,0,0,2015
1491,693,0,0,0,2015
1492,694,0,0,0,2015
1493,695,0,0,0,2015
1494,696,0,0,1,2015
1495,697,0,0,0,2015
1496,698,0,0,0,2015
1497,699,0,0,0,2015
1498,700,0,0,0,2015
1499,701,2,1,0,2015
1500,702,0,1,0,2015
1501,703,0,2,2,2015
1502,704,0,1,0,2015
1503,705,1,2,0,2015
1504,706,0,0,0,2015
1505,707,0,2,0,2015
1506,708,0,0,0,2015
1507,709,0,0,0,2015
1508,710,4,1,4,2015
1509,711,1,2,1,2015
1510,712,0,1,0,2015
1511,713,0,2,2,2015
1512,714,0,0,0,2015
1513,715,0,2,1,2015
1514,716,2,0,0,2015
1515,717,1,0,0,2015
1516,718,0,0,0,2015
,ADK - 0410,0,0,0,2016
,ADK - 0550,0,3,1,2016
,ADK - 0693,0,0,0,2016
,ADK - 0775,3,0,0,2016
,ADK - 0836,0,0,0,2016
,ADK - 0905,0,0,0,2016
,ADK - 0908,5,2,0,2016
,ADK - 0910,0,0,0,2016
,ADK - 0915,0,1,0,2016
,ADK - 0920,0,0,0,2016
,ADK - 0987,2,1,0,2016
,ADK - 0992,0,0,0,2016
,ADK - 1043,1,0,1,2016
,ADK - 1048,0,0,2,2016
,ADK - 1052,0,0,2,2016
,ADK - 1054,1,2,1,2016
,ADK - 1121,2,0,0,2016
,ADK - 1123,0,0,3,2016
,ADK - 1125,3,1,0,2016
,ADK - 1196,2,2,2,2016
,ADK - 1256,0,2,1,2016
,ADK - 1258,0,0,2,2016
,ADK - 1262,0,0,0,2016
,ADK - 1266,1,0,1,2016
,ADK - 1271,2,0,0,2016
,ADK - 1332,1,0,1,2016
,ADK - 1399,0,0,0,2016
,ADK - 1400,0,0,0,2016
,ADK - 1402,0,0,0,2016
,ADK - 1408,0,0,0,2016
,ADK - 1476,2,2,2,2016
,ADK - 1483,4,0,0,2016
,ADK - 1540,0,0,0,2016
,ADK - 1554,2,2,0,2016
,ADK - 1613,3,1,0,2016
,ADK - 1617,0,0,0,2016
,ADK - 1631,0,0,0,2016
,ADK - 1678,0,0,0,2016
,ADK - 1688,2,0,0,2016
,ADK - 1694,2,0,2,2016
,ADK - 1820,0,0,0,2016
,ADK - 1830,0,0,0,2016
,ADK - 1839,0,1,3,2016
,ADK - 1902,0,0,0,2016
,ADK - 1910,0,0,0,2016
,ADK - 1961,0,0,0,2016
,ADK - 1976,0,2,0,2016
,ADK - 1981,0,0,3,2016
,ADK - 2032,0,2,1,2016
,ADK - 2035,2,3,3,2016
,ADK - 2041,0,4,0,2016
,ADK - 2049,0,0,0,2016
,ADK - 2053,0,0,0,2016
,ADK - 2182,3,1,0,2016
,ADK - 2187,0,1,2,2016
,ADK - 2265,1,0,1,2016
,ADK - 2327,0,0,5,2016
,ADK - 2332,0,0,0,2016
,ADK - 2333,0,0,0,2016
,ADK - 2336,1,1,0,2016
,ADK - 2384,0,0,0,2016
,ADK - 2387,0,2,2,2016
,ADK - 2404,0,0,0,2016
,ADK - 2452,0,0,0,2016
,ADK - 2478,1,0,2,2016
,ADK - 2527,0,0,0,2016
,ADK - 2541,0,1,2,2016
,ADK - 2542,0,4,3,2016
,ADK - 2546,1,0,0,2016
,ADK - 2547,0,1,1,2016
,ADK - 2619,2,0,2,2016
,ADK - 2621,0,0,2,2016
,ADK - 2672,0,1,0,2016
,ADK - 2674,0,0,0,2016
,ADK - 2751,0,0,1,2016
,ADK - 2753,0,0,0,2016
,ADK - 2761,0,0,2,2016
,ADK - 2822,3,1,0,2016
,ADK - 2832,0,0,1,2016
,ADK - 2888,0,0,0,2016
,ADK - 2891,0,0,0,2016
,ADK - 2957,1,0,3,2016
,ADK - 2972,0,0,5,2016
,ADK - 3032,0,1,1,2016
,ADK - 3043,0,0,1,2016
,ADK - 3047,2,2,3,2016
,ADK - 3106,0,3,0,2016
,ADK - 3111,1,1,1,2016
,ADK - 3119,0,0,4,2016
,ADK - 3190,0,0,3,2016
,ADK - 3256,0,2,3,2016
,ADK - 3321,0,2,5,2016
,ADK - 3330,3,0,5,2016
,ADK - 3394,0,0,2,2016
,ADK - 3400,0,1,2,2016
,ADK - 3603,4,2,3,2016
,ADK - 3607,5,3,3,2016
,TH - 0403,4,0,1,2016
,TH - 0405,1,0,1,2016
,TH - 0406,0,0,0,2016
,TH - 0476,0,1,1,2016
,TH - 0540,0,3,2,2016
,TH - 0542,2,2,1,2016
,TH - 0614,0,0,0,2016
,TH - 0678,2,3,0,2016
,TH - 0684,0,0,0,2016
,TH - 0685,0,0,0,2016
,TH - 0756,0,0,0,2016
,TH - 0818,0,0,1,2016
,TH - 0893,0,0,1,2016
,TH - 0898,0,0,0,2016
,TH - 0959,2,2,1,2016
,TH - 0960,1,2,0,2016
,TH - 0969,1,1,2,2016
,TH - 1029,2,1,0,2016
,TH - 1036,0,0,0,2016
,TH - 1099,0,1,0,2016
,TH - 1105,2,0,0,2016
,TH - 1107,0,3,0,2016
,TH - 1173,1,1,1,2016
,TH - 1236,0,0,0,2016
,TH - 1306,0,0,0,2016
,TH - 1309,0,1,0,2016
,TH - 1314,0,0,0,2016
,TH - 1315,0,0,0,2016
,TH - 1391,1,0,1,2016
,TH - 1448,0,2,1,2016
,TH - 1452,0,0,0,2016
,TH - 1462,0,1,1,2016
,TH - 1463,1,1,0,2016
,TH - 1521,1,3,2,2016
,TH - 1529,1,0,0,2016
,TH - 1530,0,0,4,2016
,TH - 1666,1,0,0,2016
,TH - 1668,2,0,0,2016
,TH - 1673,0,0,0,2016
,TH - 1733,1,0,0,2016
,TH - 1734,1,0,1,2016
,TH - 1740,0,1,0,2016
,TH - 1742,0,2,0,2016
,TH - 1811,2,1,2,2016
,TH - 1877,0,0,0,2016
,TH - 1884,0,1,3,2016
,TH - 1950,0,0,0,2016
,TH - 1951,0,0,0,2016
,TH - 2011,0,0,0,2016
,TH - 2015,0,0,0,2016
,TH - 2022,0,0,0,2016
,TH - 2083,0,0,0,2016
,TH - 2092,0,0,0,2016
,TH - 2162,0,0,0,2016
,TH - 2226,0,0,0,2016
,TH - 2228,2,0,0,2016
,TH - 2238,0,0,0,2016
,TH - 2239,0,3,0,2016
,TH - 2374,0,0,0,2016
,TH - 2506,0,0,0,2016
,TH - 2577,0,0,0,2016
,TH - 2585,0,0,0,2016
,TH - 2651,0,0,0,2016
,TH - 2656,1,2,1,2016
,TH - 2719,0,0,0,2016
,TH - 2722,2,0,0,2016
,TH - 2795,0,0,0,2016
,TH - 2866,0,0,0,2016
,TH - 2871,0,0,0,2016
,TH - 2872,0,0,0,2016
,TH - 2874,0,0,0,2016
,TH - 2936,0,0,0,2016
,TH - 2940,3,0,2,2016
,TH - 2942,0,0,0,2016
,TH - 2943,0,1,2,2016
,TH - 3073,0,0,1,2016
,TH - 3076,0,0,0,2016
,TH - 3092,1,3,1,2016
,TH - 3154,4,2,1,2016
,TH - 3157,2,0,0,2016
,TH - 3160,0,0,0,2016
,TH - 3304,2,1,3,2016
,TH - 3369,0,1,0,2016
,TH - 3372,1,0,2,2016
,TH - 3444,0,0,0,2016
,TH - 3445,0,0,0,2016
,TH - 3518,0,2,0,2016
,TH - 3591,0,0,0,2016
,TH - 3659,1,2,2,2016
,TH - 3662,0,0,0,2016
,TH - 3663,1,3,2,2016
,TH - 3737,4,1,0,2016
,TH - 3803,1,0,1,2016
,TH - 3806,3,4,0,2016
,TH - 3879,0,3,2,2016
,TH - 3947,4,1,0,2016
,TH - 3949,3,1,2,2016
,TH - 4022,1,2,3,2016
,ADK - 0410,1,1,2,2017
,ADK - 0550,0,0,0,2017
,ADK - 0693,0,0,0,2017
,ADK - 0775,0,0,0,2017
,ADK - 0905,0,0,0,2017
,ADK - 0908,1,1,0,2017
,ADK - 0910,1,0,2,2017
,ADK - 0915,0,0,0,2017
,ADK - 0920,0,0,0,2017
,ADK - 0987,0,1,2,2017
,ADK - 0992,0,0,0,2017
,ADK - 1048,0,0,0,2017
,ADK - 1052,0,2,0,2017
,ADK - 1054,0,0,1,2017
,ADK - 1121,0,0,0,2017
,ADK - 1123,0,0,0,2017
,ADK - 1125,0,0,0,2017
,ADK - 1196,0,0,0,2017
,ADK - 1256,2,2,1,2017
,ADK - 1258,0,0,2,2017
,ADK - 1262,0,0,0,2017
,ADK - 1266,2,1,0,2017
,ADK - 1271,0,0,0,2017
,ADK - 1332,0,0,0,2017
,ADK - 1399,0,0,0,2017
,ADK - 1400,0,2,2,2017
,ADK - 1402,0,0,0,2017
,ADK - 1408,2,6,2,2017
,ADK - 1483,0,3,0,2017
,ADK - 1540,0,0,2,2017
,ADK - 1554,0,0,0,2017
,ADK - 1613,3,1,3,2017
,ADK - 1617,0,0,0,2017
,ADK - 1631,1,0,0,2017
,ADK - 1678,0,0,0,2017
,ADK - 1688,0,0,0,2017
,ADK - 1694,0,0,0,2017
,ADK - 1820,2,0,1,2017
,ADK - 1830,0,0,0,2017
,ADK - 1839,2,2,1,2017
,ADK - 1902,0,0,0,2017
,ADK - 1910,1,1,2,2017
,ADK - 1961,0,0,0,2017
,ADK - 1976,0,0,0,2017
,ADK - 1981,2,3,1,2017
,ADK - 2032,0,0,0,2017
,ADK - 2035,3,0,0,2017
,ADK - 2041,0,0,0,2017
,ADK - 2049,0,0,0,2017
,ADK - 2053,0,0,0,2017
,ADK - 2182,2,0,4,2017
,ADK - 2187,0,0,4,2017
,ADK - 2265,0,1,0,2017
,ADK - 2332,0,0,0,2017
,ADK - 2333,0,0,1,2017
,ADK - 2336,3,2,0,2017
,ADK - 2384,0,0,0,2017
,ADK - 2387,0,0,1,2017
,ADK - 2404,1,3,2,2017
,ADK - 2452,0,0,0,2017
,ADK - 2478,0,0,0,2017
,ADK - 2527,0,0,0,2017
,ADK - 2541,2,2,0,2017
,ADK - 2542,1,4,0,2017
,ADK - 2546,1,1,0,2017
,ADK - 2547,4,2,1,2017
,ADK - 2619,0,3,3,2017
,ADK - 2621,0,2,0,2017
,ADK - 2751,1,1,1,2017
,ADK - 2761,2,1,2,2017
,ADK - 2822,0,0,3,2017
,ADK - 2832,4,5,2,2017
,ADK - 2972,2,0,1,2017
,ADK - 3032,0,4,0,2017
,ADK - 3043,0,0,0,2017
,ADK - 3047,3,3,2,2017
,ADK - 3106,0,0,0,2017
,ADK - 3111,0,3,5,2017
,ADK - 3119,0,0,3,2017
,ADK - 3190,2,2,4,2017
,ADK - 3321,1,3,2,2017
,ADK - 3394,0,3,5,2017
,ADK - 3603,5,2,2,2017
,ADK - 3607,3,2,1,2017
,TH - 0403,4,2,2,2017
,TH - 0405,0,1,2,2017
,TH - 0406,0,2,2,2017
,TH - 0476,1,1,1,2017
,TH - 0540,0,0,0,2017
,TH - 0542,0,2,2,2017
,TH - 0614,0,0,0,2017
,TH - 0678,1,1,0,2017
,TH - 0684,1,3,2,2017
,TH - 0685,5,3,2,2017
,TH - 0756,0,0,0,2017
,TH - 0818,0,0,0,2017
,TH - 0893,0,0,0,2017
,TH - 0898,0,0,0,2017
,TH - 0959,0,3,2,2017
,TH - 0960,1,1,0,2017
,TH - 0969,0,0,1,2017
,TH - 1029,0,1,0,2017
,TH - 1036,0,0,0,2017
,TH - 1099,0,0,0,2017
,TH - 1105,0,0,0,2017
,TH - 1107,0,0,1,2017
,TH - 1173,1,0,0,2017
,TH - 1236,0,0,0,2017
,TH - 1306,0,0,0,2017
,TH - 1309,0,0,0,2017
,TH - 1314,1,2,3,2017
,TH - 1315,0,1,2,2017
,TH - 1391,0,2,0,2017
,TH - 1448,0,1,1,2017
,TH - 1452,1,0,0,2017
,TH - 1462,0,0,0,2017
,TH - 1463,1,2,2,2017
,TH - 1521,1,0,1,2017
,TH - 1529,0,2,1,2017
,TH - 1530,0,1,0,2017
,TH - 1666,0,0,1,2017
,TH - 1668,1,2,0,2017
,TH - 1673,0,0,2,2017
,TH - 1733,0,0,0,2017
,TH - 1734,0,1,2,2017
,TH - 1740,0,1,0,2017
,TH - 1742,0,0,0,2017
,TH - 1811,0,1,0,2017
,TH - 1877,0,1,0,2017
,TH - 1884,1,0,0,2017
,TH - 1950,0,0,0,2017
,TH - 1951,0,0,0,2017
,TH - 2011,0,0,0,2017
,TH - 2015,0,0,1,2017
,TH - 2022,0,1,1,2017
,TH - 2083,0,0,0,2017
,TH - 2092,0,0,0,2017
,TH - 2162,0,1,0,2017
,TH - 2226,0,0,0,2017
,TH - 2228,1,3,1,2017
,TH - 2238,1,0,0,2017
,TH - 2239,1,1,1,2017
,TH - 2374,0,0,0,2017
,TH - 2506,2,2,0,2017
,TH - 2577,0,0,0,2017
,TH - 2585,0,0,0,2017
,TH - 2651,0,0,0,2017
,TH - 2656,1,0,1,2017
,TH - 2719,0,0,0,2017
,TH - 2722,0,0,1,2017
,TH - 2795,0,0,1,2017
,TH - 2866,2,3,2,2017
,TH - 2871,1,1,0,2017
,TH - 2872,3,3,3,2017
,TH - 2874,1,0,0,2017
,TH - 2936,0,0,0,2017
,TH - 2940,0,0,0,2017
,TH - 2942,0,1,0,2017
,TH - 2943,2,0,0,2017
,TH - 3073,1,0,0,2017
,TH - 3076,0,0,0,2017
,TH - 3092,0,0,0,2017
,TH - 3154,0,0,0,2017
,TH - 3157,0,0,2,2017
,TH - 3160,4,0,3,2017
,TH - 3304,3,3,4,2017
,TH - 3369,0,0,0,2017
,TH - 3372,0,0,1,2017
,TH - 3444,0,0,1,2017
,TH - 3445,0,1,0,2017
,TH - 3518,2,0,3,2017
,TH - 3591,0,0,0,2017
,TH - 3659,0,0,2,2017
,TH - 3662,0,0,0,2017
,TH - 3663,0,1,1,2017
,TH - 3737,1,0,3,2017
,TH - 3803,1,1,4,2017
,TH - 3806,1,0,0,2017
,TH - 3879,1,2,1,2017
,TH - 3947,0,0,0,2017
,TH - 3949,0,1,1,2017
,TH - 4022,1,0,0,2017
,ADK - 0410,0,2,0,2018
,ADK - 0550,0,2,2,2018
,ADK - 0693,0,0,0,2018
,ADK - 0775,0,0,0,2018
,ADK - 0836,0,0,3,2018
,ADK - 0905,0,2,1,2018
,ADK - 0908,3,3,1,2018
,ADK - 0910,0,3,0,2018
,ADK - 0915,0,0,6,2018
,ADK - 0920,0,0,0,2018
,ADK - 0987,1,0,0,2018
,ADK - 0992,1,1,1,2018
,ADK - 1043,0,0,4,2018
,ADK - 1048,0,0,0,2018
,ADK - 1052,0,0,0,2018
,ADK - 1054,0,1,0,2018
,ADK - 1121,4,4,2,2018
,ADK - 1123,3,1,2,2018
,ADK - 1125,0,2,2,2018
,ADK - 1196,0,1,0,2018
,ADK - 1256,0,0,0,2018
,ADK - 1258,0,4,6,2018
,ADK - 1262,0,0,0,2018
,ADK - 1266,0,0,0,2018
,ADK - 1271,1,1,0,2018
,ADK - 1332,0,0,0,2018
,ADK - 1399,1,5,3,2018
,ADK - 1400,0,0,0,2018
,ADK - 1402,0,0,0,2018
,ADK - 1408,0,0,0,2018
,ADK - 1476,0,0,0,2018
,ADK - 1483,0,0,3,2018
,ADK - 1540,5,2,2,2018
,ADK - 1554,0,0,0,2018
,ADK - 1613,1,0,7,2018
,ADK - 1617,0,0,0,2018
,ADK - 1631,1,0,0,2018
,ADK - 1678,2,0,2,2018
,ADK - 1688,0,0,0,2018
,ADK - 1694,0,0,0,2018
,ADK - 1820,0,0,5,2018
,ADK - 1830,0,0,2,2018
,ADK - 1839,4,2,1,2018
,ADK - 1902,0,0,0,2018
,ADK - 1910,0,1,1,2018
,ADK - 1961,0,0,1,2018
,ADK - 1976,0,0,4,2018
,ADK - 1981,0,3,3,2018
,ADK - 2032,0,1,2,2018
,ADK - 2035,0,0,0,2018
,ADK - 2041,0,4,3,2018
,ADK - 2049,0,0,0,2018
,ADK - 2053,0,1,2,2018
,ADK - 2182,2,3,5,2018
,ADK - 2187,0,0,0,2018
,ADK - 2265,0,0,0,2018
,ADK - 2327,0,0,3,2018
,ADK - 2332,0,1,1,2018
,ADK - 2333,0,0,2,2018
,ADK - 2336,0,0,3,2018
,ADK - 2384,0,0,1,2018
,ADK - 2387,0,0,0,2018
,ADK - 2404,0,1,0,2018
,ADK - 2452,0,2,1,2018
,ADK - 2478,0,0,0,2018
,ADK - 2527,0,0,0,2018
,ADK - 2541,0,0,1,2018
,ADK - 2542,0,0,1,2018
,ADK - 2546,0,0,2,2018
,ADK - 2547,0,1,5,2018
,ADK - 2619,0,0,0,2018
,ADK - 2621,0,0,0,2018
,ADK - 2672,0,0,1,2018
,ADK - 2674,0,0,0,2018
,ADK - 2751,0,4,2,2018
,ADK - 2753,2,2,0,2018
,ADK - 2761,1,1,3,2018
,ADK - 2822,0,0,0,2018
,ADK - 2832,1,4,3,2018
,ADK - 2888,0,3,1,2018
,ADK - 2891,0,0,0,2018
,ADK - 2957,0,1,4,2018
,ADK - 2972,0,2,3,2018
,ADK - 3032,3,1,0,2018
,ADK - 3043,0,0,0,2018
,ADK - 3047,3,2,5,2018
,ADK - 3106,0,0,1,2018
,ADK - 3111,0,2,1,2018
,ADK - 3119,0,1,2,2018
,ADK - 3190,0,1,4,2018
,ADK - 3256,1,1,3,2018
,ADK - 3321,0,0,5,2018
,ADK - 3330,4,5,6,2018
,ADK - 3394,0,5,0,2018
,ADK - 3400,0,3,4,2018
,ADK - 3603,0,6,2,2018
,ADK - 3607,4,2,0,2018
,TH - 0403,1,0,1,2018
,TH - 0405,0,0,0,2018
,TH - 0406,0,0,0,2018
,TH - 0476,1,1,0,2018
,TH - 0540,0,1,0,2018
,TH - 0542,0,0,0,2018
,TH - 0614,1,0,1,2018
,TH - 0678,1,3,0,2018
,TH - 0684,1,0,0,2018
,TH - 0685,0,0,0,2018
,TH - 0756,0,1,0,2018
,TH - 0818,0,1,0,2018
,TH - 0893,0,0,0,2018
,TH - 0898,0,0,0,2018
,TH - 0959,0,0,0,2018
,TH - 0960,3,1,1,2018
,TH - 0969,0,0,0,2018
,TH - 1029,1,1,0,2018
,TH - 1036,0,0,0,2018
,TH - 1099,0,0,0,2018
,TH - 1105,0,0,0,2018
,TH - 1107,0,0,0,2018
,TH - 1173,1,0,0,2018
,TH - 1236,0,0,0,2018
,TH - 1306,0,0,0,2018
,TH - 1309,0,0,0,2018
,TH - 1314,1,0,0,2018
,TH - 1315,1,3,0,2018
,TH - 1391,2,4,0,2018
,TH - 1448,0,0,0,2018
,TH - 1452,0,0,0,2018
,TH - 1462,0,0,0,2018
,TH - 1463,0,0,0,2018
,TH - 1521,3,0,2,2018
,TH - 1529,0,0,0,2018
,TH - 1530,1,3,4,2018
,TH - 1666,1,0,1,2018
,TH - 1668,0,2,1,2018
,TH - 1673,0,5,2,2018
,TH - 1733,0,0,0,2018
,TH - 1734,2,0,1,2018
,TH - 1740,0,0,0,2018
,TH - 1742,0,0,0,2018
,TH - 1811,2,1,0,2018
,TH - 1877,0,0,0,2018
,TH - 1884,0,0,0,2018
,TH - 1950,0,0,0,2018
,TH - 1951,0,0,0,2018
,TH - 2011,0,0,0,2018
,TH - 2015,0,0,0,2018
,TH - 2022,0,2,0,2018
,TH - 2083,2,0,0,2018
,TH - 2092,0,0,0,2018
,TH - 2162,0,0,0,2018
,TH - 2226,0,0,0,2018
,TH - 2228,3,0,1,2018
,TH - 2238,0,1,0,2018
,TH - 2239,4,3,1,2018
,TH - 2374,1,1,0,2018
,TH - 2506,0,0,0,2018
,TH - 2577,0,0,0,2018
,TH - 2585,5,2,1,2018
,TH - 2651,0,3,0,2018
,TH - 2656,0,1,0,2018
,TH - 2719,0,0,0,2018
,TH - 2722,1,1,1,2018
,TH - 2795,0,0,0,2018
,TH - 2866,0,0,1,2018
,TH - 2871,0,0,1,2018
,TH - 2872,0,0,0,2018
,TH - 2874,0,0,0,2018
,TH - 2936,0,0,0,2018
,TH - 2940,1,0,0,2018
,TH - 2942,0,1,0,2018
,TH - 2943,0,0,0,2018
,TH - 3073,0,0,0,2018
,TH - 3076,0,0,0,2018
,TH - 3092,0,0,0,2018
,TH - 3154,0,0,0,2018
,TH - 3157,0,0,1,2018
,TH - 3160,0,0,0,2018
,TH - 3304,1,0,2,2018
,TH - 3369,0,0,0,2018
,TH - 3372,2,0,0,2018
,TH - 3444,0,0,0,2018
,TH - 3445,0,0,0,2018
,TH - 3518,0,1,0,2018
,TH - 3591,0,0,0,2018
,TH - 3659,1,2,0,2018
,TH - 3662,0,0,2,2018
,TH - 3663,2,1,0,2018
,TH - 3737,0,0,1,2018
,TH - 3803,2,1,0,2018
,TH - 3806,0,0,0,2018
,TH - 3879,0,0,0,2018
,TH - 3947,0,0,0,2018
,TH - 3949,0,0,0,2018
,TH - 4022,0,0,0,2018
1838,182,2,1,2,2019
1645,261,0,0,0,2019
1646,262,0,0,0,2019
1647,263,1,1,0,2019
1648,265,3,1,1,2019
1649,266,0,0,0,2019
1839,294,0,0,0,2019
1840,296,0,0,0,2019
1841,297,0,0,0,2019
1842,298,1,3,3,2019
1843,299,4,0,1,2019
1844,326,0,0,0,2019
1845,327,0,0,0,2019
1846,330,1,0,0,2019
1847,331,0,2,1,2019
1848,332,0,1,0,2019
1849,335,1,0,0,2019
1850,336,0,0,0,2019
1851,356,0,0,0,2019
1852,357,0,0,0,2019
1853,358,0,0,0,2019
1854,359,0,0,0,2019
1855,360,0,0,0,2019
1856,377,0,0,0,2019
1857,390,5,2,0,2019
1858,405,0,1,0,2019
1859,406,1,0,0,2019
1860,407,0,0,0,2019
1861,421,0,0,1,2019
1862,454,0,0,0,2019
1863,455,0,1,2,2019
1864,456,0,1,1,2019
1865,467,1,0,1,2019
1866,468,0,1,2,2019
1650,490,0,1,1,2019
1651,491,0,0,0,2019
1867,496,0,0,0,2019
1868,498,0,3,0,2019
1652,501,1,4,2,2019
1653,502,1,2,0,2019
1654,503,3,0,0,2019
1655,504,0,0,0,2019
1656,505,4,2,0,2019
1869,507,0,0,0,2019
1870,508,0,0,0,2019
1871,509,0,1,0,2019
1872,511,0,0,0,2019
1657,515,2,5,2,2019
1658,516,0,0,1,2019
1873,519,0,0,0,2019
1874,520,1,0,1,2019
1875,521,0,0,0,2019
1876,522,0,0,0,2019
1877,524,0,0,0,2019
1878,525,2,0,3,2019
1879,528,0,0,0,2019
1880,529,0,0,0,2019
1659,530,1,2,0,2019
1660,531,0,3,1,2019
1661,532,0,1,1,2019
1881,536,0,0,0,2019
1882,537,1,0,0,2019
1662,538,0,2,2,2019
1663,539,0,1,1,2019
1664,540,0,0,1,2019
1665,544,0,2,0,2019
1666,545,5,1,0,2019
1667,546,1,1,0,2019
1668,555,1,0,0,2019
1669,556,0,0,0,2019
1670,557,0,0,0,2019
1671,594,0,0,0,2019
1672,595,0,0,0,2019
1673,596,0,0,1,2019
1674,597,2,0,0,2019
1675,599,2,0,0,2019
1676,600,0,0,0,2019
1677,601,0,0,0,2019
1678,602,2,1,0,2019
1679,604,0,0,0,2019
1680,605,0,0,0,2019
1883,606,0,0,0,2019
1884,607,0,0,0,2019
1885,617,0,0,0,2019
1886,618,1,1,1,2019
1887,619,0,1,0,2019
1888,625,0,0,0,2019
1889,626,0,0,0,2019
1890,635,0,0,0,2019
1891,636,0,1,4,2019
1892,637,0,0,0,2019
1893,644,0,0,0,2019
1894,645,0,0,0,2019
1895,646,0,0,0,2019
1896,647,0,0,0,2019
1897,648,0,0,1,2019
1898,655,1,0,0,2019
1899,656,0,0,2,2019
1900,657,0,0,1,2019
1901,661,0,0,0,2019
1902,100A,0,0,0,2019
1903,100B,2,0,0,2019
1517,111A,2,3,2,2019
1518,111B,4,1,4,2019
1519,112A,0,1,1,2019
1520,112B,1,1,1,2019
1521,113A,2,2,1,2019
1522,113B,1,3,3,2019
1523,114A,0,0,0,2019
1524,114B,0,0,0,2019
1525,132A,2,4,5,2019
1526,132B,3,2,4,2019
1904,134A,0,0,2,2019
1905,134B,0,0,0,2019
1906,137A,2,4,2,2019
1907,137B,0,0,0,2019
1908,138A,2,1,1,2019
1909,138B,1,1,0,2019
1527,146A,1,0,0,2019
1528,146B,0,1,0,2019
1529,147A,3,3,2,2019
1530,147B,2,0,1,2019
1531,154A,0,1,4,2019
1532,154B,0,0,0,2019
1533,155A,0,0,0,2019
1534,155B,2,0,1,2019
1535,156A,1,0,1,2019
1536,156B,4,1,1,2019
1537,157A,0,0,0,2019
1538,157B,0,0,3,2019
1539,15A,0,1,0,2019
1540,15B,0,0,0,2019
1541,161A,0,0,1,2019
1542,161B,1,2,0,2019
1543,162A,0,0,1,2019
1544,162B,0,1,3,2019
1545,163A,2,0,4,2019
1546,163B,2,3,3,2019
1547,164A,1,3,1,2019
1548,164B,0,0,0,2019
1549,165A,1,4,1,2019
1550,165B,0,1,0,2019
1551,166A,0,0,1,2019
1552,166B,0,0,0,2019
1553,167A,0,0,0,2019
1554,167B,0,0,1,2019
1555,16A,1,1,2,2019
1556,16B,0,0,0,2019
1557,171A,1,0,0,2019
1558,171B,0,0,2,2019
1559,172A,0,0,0,2019
1560,172B,0,1,0,2019
1561,173A,0,0,0,2019
1562,173B,3,1,1,2019
1563,177A,0,0,2,2019
1564,177B,0,1,0,2019
1565,178A,0,1,0,2019
1566,178B,1,2,0,2019
1910,1801A,0,0,0,2019
1911,1801B,2,1,1,2019
1912,1802A,0,0,0,2019
1913,1802B,0,0,0,2019
1914,1804A,1,0,0,2019
1915,1804B,0,0,1,2019
1916,1819A,0,0,0,2019
1917,1819B,2,0,0,2019
1918,1822A,0,0,0,2019
1919,1822B,0,0,0,2019
1567,182A,0,0,0,2019
1568,182B,1,0,3,2019
1920,1838A,0,0,1,2019
1921,1838B,1,0,0,2019
1569,183A,0,0,0,2019
1570,183B,3,0,2,2019
1922,1844A,1,0,2,2019
1923,1844B,0,1,3,2019
1924,1859A,0,1,2,2019
1925,1859B,0,0,4,2019
1926,185A,1,1,0,2019
1927,185B,2,0,0,2019
1928,1860A,0,0,3,2019
1929,1860B,0,0,0,2019
1930,1861A,1,0,1,2019
1931,1861B,0,1,0,2019
1932,186A,0,0,1,2019
1933,186B,0,1,0,2019
1571,187A,2,2,0,2019
1572,187B,1,1,0,2019
1573,188A,0,1,0,2019
1574,188B,0,0,0,2019
1575,189A,0,0,0,2019
1576,189B,1,0,0,2019
1577,190A,2,2,0,2019
1578,190B,1,2,0,2019
1579,194A,1,0,0,2019
1580,194B,0,0,1,2019
1581,195A,0,0,0,2019
1582,195B,2,4,4,2019
1583,196A,1,5,1,2019
1584,196B,0,0,0,2019
1585,197A,3,0,0,2019
1586,197B,0,0,1,2019
1934,19A,0,0,0,2019
1935,19B,1,0,0,2019
1936,2019A,0,2,1,2019
1937,2019B,0,1,1,2019
1587,204A,0,0,0,2019
1588,204B,0,2,2,2019
1589,205A,0,1,1,2019
1590,205B,0,0,0,2019
1681,213A,1,0,0,2019
1682,241A,1,0,0,2019
1683,242A,0,3,2,2019
1684,243A,2,1,2,2019
1685,246A,2,2,3,2019
1686,247A,1,2,0,2019
1687,248A,0,4,1,2019
1688,249A,0,0,0,2019
1689,250A,0,0,0,2019
1690,251A,1,1,2,2019
1691,252A,0,2,0,2019
1692,253A,0,0,1,2019
1693,254A,0,0,0,2019
1694,255A,0,0,0,2019
1695,256A,0,0,0,2019
1696,257A,1,0,0,2019
1697,258A,0,0,0,2019
1698,259A,0,1,2,2019
1699,259B,1,0,0,2019
1700,260A,0,1,1,2019
1701,264A,0,0,0,2019
1702,264B,4,1,1,2019
1938,29A,0,0,2,2019
1939,29B,1,0,0,2019
1940,30A,0,0,0,2019
1941,30B,0,1,0,2019
1591,310A,0,1,0,2019
1592,310B,0,0,0,2019
1593,311A,5,1,4,2019
1594,311B,2,0,4,2019
1595,312A,0,4,1,2019
1596,312B,0,1,1,2019
1597,313A,0,1,2,2019
1598,313B,0,0,0,2019
1599,314A,0,2,1,2019
1600,314B,0,2,2,2019
1601,315A,4,2,2,2019
1602,315B,3,1,2,2019
1603,316A,1,0,0,2019
1604,316B,0,0,0,2019
1605,317A,0,0,0,2019
1606,317B,1,0,0,2019
1607,318A,0,0,0,2019
1608,318B,0,0,0,2019
1609,319A,0,0,0,2019
1610,319B,0,0,0,2019
1942,31A,0,0,0,2019
1943,31B,0,0,0,2019
1611,32A,0,0,0,2019
1612,32B,0,0,0,2019
1613,338A,1,2,1,2019
1614,338B,0,1,0,2019
1615,33A,0,1,0,2019
1616,33B,0,0,0,2019
1617,4R44A,2,2,1,2019
1618,4R44B,0,0,0,2019
1619,4R45A,0,0,0,2019
1620,4R45B,0,2,0,2019
1621,4R95A,0,0,0,2019
1622,4R95B,0,0,0,2019
1623,4R96A,0,0,0,2019
1624,4R96B,0,0,0,2019
1625,61A,0,0,2,2019
1626,61B,1,0,0,2019
1627,62A,0,0,0,2019
1628,62B,0,0,1,2019
1944,65A,1,0,0,2019
1945,65B,0,0,0,2019
1946,72A,0,0,0,2019
1947,72B,0,0,0,2019
1948,73A,1,0,1,2019
1949,73B,3,0,1,2019
1950,74A,0,0,0,2019
1951,74B,0,0,0,2019
1629,75A,2,6,2,2019
1630,75B,0,1,1,2019
1631,76A,2,2,1,2019
1632,76B,3,0,0,2019
1633,77A,0,0,0,2019
1634,77B,0,0,0,2019
1635,78A,2,0,0,2019
1636,78B,0,0,0,2019
1703,7R109A,4,5,6,2019
1704,7R109B,4,6,1,2019
1705,7R110A,2,3,2,2019
1706,7R110B,3,2,0,2019
1707,7R123,4,2,3,2019
1708,7R124,0,0,0,2019
1709,7R125,1,0,2,2019
1710,7R131A,2,5,3,2019
1711,7R131B,2,4,0,2019
1712,7R143A,3,0,3,2019
1713,7R143B,2,2,3,2019
1714,7R144A,6,5,1,2019
1715,7R144B,3,5,1,2019
1716,7R145A,5,1,1,2019
1717,7R145B,6,5,3,2019
1718,7R149,1,0,1,2019
1719,7R151A,1,0,1,2019
1720,7R151B,0,0,1,2019
1721,7R152A,0,1,1,2019
1722,7R152B,3,2,1,2019
1723,7R153A,3,3,1,2019
1724,7R153B,0,0,1,2019
1725,7R159A,0,0,4,2019
1726,7R159B,0,1,1,2019
1727,7R160A,3,0,0,2019
1728,7R160B,4,1,3,2019
1729,7R174A,2,3,0,2019
1730,7R175A,4,4,1,2019
1731,7R179A,2,4,0,2019
1732,7R180A,7,6,4,2019
1733,7R180B,4,4,4,2019
1734,7R181A,0,0,0,2019
1735,7R181B,0,2,3,2019
1736,7R184A,1,0,0,2019
1737,7R185A,1,2,0,2019
1738,7R185B,2,1,5,2019
1739,7R186A,4,0,4,2019
1740,7R186B,1,0,0,2019
1741,7R198,0,0,0,2019
1742,7R201A,1,4,2,2019
1743,7R201B,0,0,0,2019
1744,7R202A,0,1,1,2019
1745,7R202B,1,1,1,2019
1746,7R203A,0,2,2,2019
1747,7R203B,0,0,0,2019
1748,7R206A,1,4,3,2019
1749,7R206B,0,0,0,2019
1750,7R207A,0,1,0,2019
1751,7R207B,0,1,2,2019
1752,7R208A,2,3,0,2019
1753,7R208B,2,5,3,2019
1754,7R209A,0,0,0,2019
1755,7R209B,0,0,0,2019
1756,7R210A,0,1,0,2019
1757,7R210B,0,0,0,2019
1758,7R214,0,0,1,2019
1759,7R215,2,1,3,2019
1760,7R226,0,0,0,2019
1761,7R228,4,2,3,2019
1762,7R229,0,0,0,2019
1763,7R230,0,2,1,2019
1764,7R24A,0,3,2,2019
1765,7R24B,4,3,0,2019
1766,7R25A,4,4,4,2019
1767,7R25B,1,2,2,2019
1768,7R304A,0,0,0,2019
1769,7R304B,1,0,1,2019
1770,7R305A,0,3,1,2019
1771,7R305B,0,0,0,2019
1772,7R306A,0,0,0,2019
1773,7R306B,1,1,1,2019
1774,7R307A,0,1,1,2019
1775,7R307B,3,5,1,2019
1776,7R308A,1,1,0,2019
1777,7R308B,0,2,0,2019
1778,7R309A,0,0,0,2019
1779,7R309B,0,1,0,2019
1780,7R30A,2,1,5,2019
1781,7R30B,0,2,0,2019
1782,7R31A,0,3,2,2019
1783,7R31B,1,3,3,2019
1784,7R320A,0,2,1,2019
1785,7R320B,0,0,0,2019
1786,7R328A,0,2,0,2019
1787,7R328B,0,0,0,2019
1788,7R329A,0,0,0,2019
1789,7R329B,0,0,0,2019
1790,7R330A,0,0,0,2019
1791,7R330B,0,0,0,2019
1792,7R331A,0,3,0,2019
1793,7R331B,0,0,0,2019
1794,7R339A,0,0,1,2019
1795,7R339B,0,0,1,2019
1796,7R342,1,1,0,2019
1797,7R343,0,0,0,2019
1798,7R344,0,0,1,2019
1799,7R345,0,0,0,2019
1800,7R346,0,0,0,2019
1801,7R347,0,0,0,2019
1802,7R348,0,1,1,2019
1803,7R349,0,1,0,2019
1804,7R350,0,0,1,2019
1805,7R351,0,0,0,2019
1806,7R352,0,0,0,2019
1807,7R353,0,0,1,2019
1808,7R40A,1,1,2,2019
1809,7R40B,3,0,0,2019
1810,7R41A,0,1,1,2019
1811,7R41B,0,1,0,2019
1812,7R42A,4,1,0,2019
1813,7R42B,1,0,1,2019
1814,7R43A,1,3,2,2019
1815,7R43B,0,2,3,2019
1816,7R58A,1,2,0,2019
1817,7R58B,1,5,1,2019
1818,7R59A,0,2,2,2019
1819,7R59B,0,0,0,2019
1820,7R60A,3,2,4,2019
1821,7R60B,0,0,0,2019
1822,7R71A,0,2,0,2019
1823,7R71B,2,1,0,2019
1824,7R72A,1,1,0,2019
1825,7R72B,2,2,0,2019
1826,7R73A,2,4,1,2019
1827,7R73B,0,0,0,2019
1828,7R74A,1,0,0,2019
1829,7R74B,2,1,1,2019
1830,7R87A,0,1,0,2019
1831,7R87B,0,0,0,2019
1832,7R88A,0,2,1,2019
1833,7R88B,0,0,1,2019
1834,7R89A,4,3,5,2019
1835,7R89B,3,0,4,2019
1836,7R90A,0,0,0,2019
1837,7R90B,1,0,2,2019
1952,8R44A,0,0,0,2019
1953,8R44B,0,0,0,2019
1954,8R45A,0,0,1,2019
1955,8R45B,0,0,0,2019
1956,8R95A,0,0,0,2019
1957,8R95B,0,0,0,2019
1958,8R96A,0,0,0,2019
1959,8R96B,0,0,0,2019
1637,91A,1,2,0,2019
1638,91B,0,0,0,2019
1639,92A,2,4,3,2019
1640,92B,0,2,1,2019
1641,93A,0,1,2,2019
1642,93B,0,0,1,2019
1643,94A,0,0,1,2019
1644,94B,0,0,0,2019
1960,99A,1,0,3,2019
1961,99B,4,0,0,2019
1962,9R100A,4,3,2,2019
1963,9R100B,2,0,0,2019
1964,9R101A,0,0,0,2019
1965,9R101B,0,0,0,2019
1966,9R102A,0,0,0,2019
1967,9R102B,0,0,1,2019
1968,9R104A,0,1,0,2019
1969,9R104B,4,2,0,2019
1970,9R115A,2,1,3,2019
1971,9R115B,2,0,2,2019
1972,9R116A,1,2,2,2019
1973,9R116B,4,3,3,2019
1974,9R117A,0,0,0,2019
1975,9R117B,1,0,0,2019
1976,9R118A,2,0,0,2019
1977,9R118B,0,0,0,2019
1978,9R119A,1,1,1,2019
1979,9R119B,3,0,3,2019
1980,9R11A,0,2,0,2019
1981,9R11B,0,1,0,2019
1982,9R120A,1,0,0,2019
1983,9R120B,0,3,1,2019
1984,9R12A,1,0,0,2019
1985,9R12B,0,0,2,2019
1986,9R133A,3,4,0,2019
1987,9R133B,1,0,0,2019
1988,9R134A,0,0,0,2019
1989,9R134B,0,0,0,2019
1990,9R135A,1,1,0,2019
1991,9R135B,0,3,0,2019
1992,9R136A,0,0,0,2019
1993,9R136B,0,1,0,2019
1994,9R137A,0,0,0,2019
1995,9R137B,1,1,2,2019
1996,9R148A,2,1,1,2019
1997,9R148B,4,0,0,2019
1998,9R17A,3,1,1,2019
1999,9R17B,0,0,0,2019
2000,9R18A,1,3,2,2019
2001,9R18B,0,0,3,2019
2002,9R19A,1,0,0,2019
2003,9R19B,1,1,1,2019
2004,9R1A,0,0,1,2019
2005,9R1B,0,0,2,2019
2006,9R269A,0,0,3,2019
2007,9R273A,0,1,0,2019
2008,9R274A,1,1,0,2019
2009,9R275A,0,3,4,2019
2010,9R278A,0,0,1,2019
2011,9R279A,0,2,1,2019
2012,9R283A,0,0,0,2019
2013,9R284A,0,0,1,2019
2014,9R290A,0,0,0,2019
2015,9R291A,0,0,0,2019
2016,9R296A,1,1,0,2019
2017,9R297A,0,0,0,2019
2018,9R298A,0,0,0,2019
2019,9R299A,0,0,0,2019
2020,9R2A,0,1,0,2019
2021,9R2B,0,0,2,2019
2022,9R300A,0,0,0,2019
2023,9R301A,1,0,0,2019
2024,9R302A,0,0,0,2019
2025,9R303A,1,0,0,2019
2026,9R335A,0,0,0,2019
2027,9R335B,1,1,3,2019
2028,9R336A,4,3,4,2019
2029,9R336B,6,5,4,2019
2030,9R340A,1,1,0,2019
2031,9R34A,4,2,1,2019
2032,9R34B,4,3,4,2019
2033,9R354A,1,1,0,2019
2034,9R35A,1,0,2,2019
2035,9R35B,2,1,0,2019
2036,9R36A,2,4,0,2019
2037,9R36B,5,2,1,2019
2038,9R3A,0,2,2,2019
2039,9R3B,0,0,0,2019
2040,9R46A,5,3,4,2019
2041,9R46B,1,2,1,2019
2042,9R47A,5,7,2,2019
2043,9R47B,2,2,1,2019
2044,9R48A,4,6,0,2019
2045,9R48B,5,1,1,2019
2046,9R49A,0,0,2,2019
2047,9R49B,0,1,1,2019
2048,9R4A,0,0,0,2019
2049,9R4B,0,0,1,2019
2050,9R50A,0,1,1,2019
2051,9R50B,0,0,1,2019
2052,9R51A,1,0,1,2019
2053,9R51B,0,0,0,2019
2054,9R52A,0,0,1,2019
2055,9R52B,1,0,0,2019
2056,9R53A,1,0,2,2019
2057,9R53B,2,0,0,2019
2058,9R54A,0,5,1,2019
2059,9R54B,0,3,3,2019
2060,9R63A,0,1,0,2019
2061,9R63B,1,0,0,2019
2062,9R64A,1,0,0,2019
2063,9R64B,0,0,0,2019
2064,9R65A,0,0,0,2019
2065,9R65B,0,0,0,2019
2066,9R66A,2,1,1,2019
2067,9R66B,0,0,0,2019
2068,9R67A,2,1,1,2019
2069,9R67B,0,1,2,2019
2070,9R68A,0,2,1,2019
2071,9R68B,0,0,0,2019
2072,9R69A,0,0,0,2019
2073,9R69B,1,1,0,2019
2074,9R6A,1,4,2,2019
2075,9R6B,0,2,0,2019
2076,9R70A,2,5,2,2019
2077,9R70B,3,3,0,2019
2078,9R79A,0,1,0,2019
2079,9R79B,0,0,0,2019
2080,9R7A,0,0,0,2019
2081,9R7B,0,0,0,2019
2082,9R80A,0,0,0,2019
2083,9R80B,0,0,0,2019
2084,9R81A,0,0,0,2019
2085,9R81B,2,0,1,2019
2086,9R82A,0,1,0,2019
2087,9R82B,0,1,0,2019
2088,9R83A,0,0,0,2019
2089,9R83B,0,0,1,2019
2090,9R84A,2,0,0,2019
2091,9R84B,0,0,0,2019
2092,9R85A,1,1,1,2019
2093,9R85B,0,0,0,2019
2094,9R86A,0,0,0,2019
2095,9R86B,1,3,0,2019
2096,9R97A,0,0,0,2019
2097,9R97B,0,0,0,2019
2098,9R98A,1,0,0,2019
2099,9R98B,0,2,0,2019
2100,9R99A,0,2,1,2019
2101,9R99B,0,0,0,2019
2332,4R111A,0,0,2,2020
2333,4R111B,1,4,3,2020
2328,4R112A,0,1,0,2020
2329,4R112B,0,0,0,2020
2260,4R113A,0,0,0,2020
2261,4R113B,2,2,2,2020
2267,4R114A,0,0,0,2020
2266,4R114B,0,0,0,2020
2269,4R132A,1,0,1,2020
2268,4R132B,0,2,4,2020
2310,4R146A,5,6,2,2020
2311,4R146B,2,5,5,2020
2312,4R147A,4,5,5,2020
2313,4R147B,0,2,4,2020
2326,4R154A,0,3,0,2020
2327,4R154B,1,4,0,2020
2320,4R155A,2,2,3,2020
2321,4R155B,5,5,2,2020
2314,4R156A,2,3,0,2020
2315,4R156B,0,2,0,2020
2316,4R157A,1,1,6,2020
2317,4R157B,0,0,0,2020
2290,4R15A,0,3,1,2020
2291,4R15B,2,0,2,2020
2330,4R161A,1,0,1,2020
2331,4R161B,0,0,0,2020
2318,4R162A,5,3,1,2020
2319,4R162B,5,3,4,2020
2322,4R163A,5,1,1,2020
2323,4R163B,0,0,0,2020
2350,4R164A,0,2,1,2020
2351,4R164B,0,0,1,2020
2352,4R165A,6,6,4,2020
2353,4R165B,0,1,1,2020
2303,4R166A,1,0,3,2020
2302,4R166B,1,3,2,2020
2305,4R167A,3,6,5,2020
2304,4R167B,0,0,0,2020
2300,4R16A,0,0,1,2020
2301,4R16B,0,0,0,2020
2324,4R171A,1,1,0,2020
2325,4R171B,0,0,4,2020
2354,4R172A,0,0,0,2020
2355,4R172B,2,0,3,2020
2356,4R173A,0,0,0,2020
2357,4R173B,2,5,4,2020
2342,4R177A,0,0,0,2020
2343,4R177B,2,0,0,2020
2344,4R178A,0,0,0,2020
2345,4R178B,0,0,4,2020
2307,4R182A,5,0,0,2020
2306,4R182B,2,5,2,2020
2308,4R183A,2,0,0,2020
2309,4R183B,0,0,0,2020
2347,4R187A,0,0,0,2020
2346,4R187B,0,0,0,2020
2349,4R188A,0,0,0,2020
2348,4R188B,0,0,0,2020
2362,4R189A,0,0,0,2020
2363,4R189B,1,5,1,2020
2360,4R190A,0,2,0,2020
2361,4R190B,1,0,1,2020
2336,4R194A,2,0,0,2020
2337,4R194B,0,0,0,2020
2338,4R195A,0,0,1,2020
2341,4R195B,4,6,4,2020
2358,4R196A,0,1,2,2020
2359,4R196B,0,0,0,2020
2364,4R197A,0,0,0,2020
2365,4R197B,3,0,1,2020
2334,4R204A,3,4,0,2020
2335,4R204B,1,3,1,2020
2339,4R205A,2,6,1,2020
2340,4R205B,1,2,0,2020
2280,4R310A,0,1,0,2020
2281,4R310B,0,2,1,2020
2278,4R311A,0,0,1,2020
2279,4R311B,0,0,1,2020
2288,4R312A,1,2,0,2020
2289,4R312B,1,0,1,2020
2282,4R313A,0,0,1,2020
2283,4R313B,0,4,0,2020
2284,4R314A,0,0,0,2020
2285,4R314B,1,1,0,2020
2286,4R315A,3,1,0,2020
2287,4R315B,1,3,2,2020
2292,4R316A,1,1,1,2020
2293,4R316B,0,0,0,2020
2298,4R317A,0,0,2,2020
2299,4R317B,1,2,0,2020
2244,4R318A,0,0,0,2020
2245,4R318B,0,0,0,2020
2252,4R319A,0,0,0,2020
2253,4R319B,0,0,0,2020
2296,4R32A,0,0,1,2020
2297,4R32B,0,0,0,2020
2243,4R338A,1,0,0,2020
2242,4R338B,1,0,1,2020
2238,4R33A,0,0,1,2020
2239,4R33B,0,1,0,2020
2294,4R44A,0,1,0,2020
2295,4R44B,0,1,0,2020
2240,4R45A,1,0,0,2020
2241,4R45B,1,0,2,2020
2250,4R61A,0,0,1,2020
2251,4R61B,0,1,0,2020
2247,4R62A,0,0,1,2020
2246,4R62B,0,0,0,2020
2270,4R75A,3,3,1,2020
2271,4R75B,0,1,2,2020
2276,4R76A,0,0,0,2020
2277,4R76B,0,0,0,2020
2249,4R77A,2,1,2,2020
2248,4R77B,0,0,1,2020
2254,4R78A,0,0,0,2020
2255,4R78B,1,2,0,2020
2274,4R91A,1,0,0,2020
2275,4R91B,0,0,0,2020
2272,4R92A,1,4,1,2020
2273,4R92B,1,0,0,2020
2256,4R93A,1,0,0,2020
2257,4R93B,0,1,4,2020
2258,4R94A,0,2,3,2020
2259,4R94B,1,3,3,2020
2264,4R95A,0,0,0,2020
2265,4R95B,0,0,0,2020
2263,4R96A,0,0,0,2020
2262,4R96B,0,0,0,2020
2558,6R213A,1,2,1,2020
2542,6R241A,0,0,0,2020
2543,6R242A,0,0,0,2020
2544,6R243A,0,3,1,2020
2545,6R246A,0,0,0,2020
2546,6R247A,0,0,0,2020
2547,6R248A,0,0,0,2020
2506,6R249-A,2,0,2,2020
2507,6R250-A,0,0,0,2020
2508,6R251-A,0,4,0,2020
2509,6R252-A,0,0,1,2020
2510,6R253-A,0,0,0,2020
2511,6R254-A,0,0,0,2020
2518,6R255-A,1,0,0,2020
2519,6R256-A,0,0,0,2020
2520,6R257-A,0,0,0,2020
2521,6R258-A,1,5,0,2020
2522,6R259-A,2,0,0,2020
2523,6R259-B,0,1,0,2020
2524,6R260-A,0,4,2,2020
2530,6R261-A,0,0,0,2020
2531,6R262-A,0,0,0,2020
2532,6R263-A,5,6,1,2020
2533,6R264-A,1,2,0,2020
2534,6R264-B,0,1,0,2020
2535,6R265-A,0,0,0,2020
2536,6R266-A,0,0,1,2020
2559,6R490,3,3,5,2020
2560,6R491,1,1,0,2020
2554,6R501,0,2,4,2020
2555,6R502,0,0,0,2020
2561,6R503,5,3,2,2020
2562,6R504,4,1,3,2020
2563,6R505,1,1,1,2020
2556,6R515,3,0,1,2020
2557,6R516,0,1,0,2020
2548,6R530,0,1,2,2020
2549,6R531,4,3,1,2020
2550,6R532,0,0,0,2020
2551,6R538,0,1,0,2020
2552,6R539,0,0,1,2020
2553,6R540,0,0,3,2020
2512,6R544,2,2,0,2020
2513,6R545,0,0,0,2020
2514,6R546,0,1,0,2020
2515,6R555,0,1,1,2020
2516,6R556,0,3,2,2020
2517,6R557,0,1,0,2020
2525,6R594,1,1,0,2020
2526,6R595,0,0,0,2020
2527,6R596,1,2,1,2020
2528,6R597,0,1,0,2020
2529,6R599,0,0,0,2020
2537,6R600,2,1,0,2020
2538,6R601,4,6,2,2020
2539,6R602,2,4,0,2020
2540,6R604,3,3,0,2020
2541,6R605,1,0,0,2020
2657,7R109A,2,2,1,2020
2658,7R109B,0,2,0,2020
2659,7R110A,2,5,5,2020
2660,7R110B,3,3,4,2020
2647,7R123,0,4,4,2020
2648,7R124,0,2,1,2020
2649,7R125,1,0,0,2020
2661,7R131A,1,4,3,2020
2662,7R131B,0,1,2,2020
2635,7R143A,2,0,2,2020
2636,7R143B,1,0,1,2020
2663,7R144A,2,4,1,2020
2664,7R144B,3,1,1,2020
2665,7R145A,3,2,2,2020
2666,7R145B,3,6,4,2020
2650,7R149,0,1,2,2020
2637,7R151A,1,1,1,2020
2638,7R151B,0,0,1,2020
2639,7R152A,1,0,2,2020
2640,7R152B,1,1,2,2020
2667,7R153A,3,4,3,2020
2668,7R153B,5,4,3,2020
2641,7R159A,2,1,2,2020
2642,7R159B,5,1,3,2020
2643,7R160A,0,0,0,2020
2644,7R160B,0,0,0,2020
2624,7R174,0,2,0,2020
2625,7R175,0,0,3,2020
2626,7R179,1,2,0,2020
2600,7R180A,4,5,3,2020
2601,7R180B,1,2,1,2020
2602,7R181A,0,2,0,2020
2603,7R181B,1,4,0,2020
2627,7R184,1,1,1,2020
2604,7R185A,2,2,0,2020
2605,7R185B,1,3,2,2020
2606,7R186A,0,4,2,2020
2607,7R186B,0,0,0,2020
2628,7R198,0,0,0,2020
2608,7R201A,0,2,1,2020
2609,7R201B,0,0,0,2020
2610,7R202A,3,3,1,2020
2611,7R202B,0,5,3,2020
2612,7R203A,1,4,1,2020
2613,7R203B,0,0,0,2020
2614,7R206A,3,2,1,2020
2615,7R206B,0,0,0,2020
2616,7R207A,1,1,1,2020
2617,7R207B,1,2,2,2020
2618,7R208A,0,0,0,2020
2619,7R208B,3,0,0,2020
2620,7R209A,0,0,0,2020
2621,7R209B,2,4,0,2020
2622,7R210A,3,3,2,2020
2623,7R210B,1,2,1,2020
2564,7R214,0,0,2,2020
2565,7R215,0,1,0,2020
2566,7R226,3,1,2,2020
2567,7R228,0,0,0,2020
2568,7R229,2,0,0,2020
2569,7R230,0,0,0,2020
2675,7R24A,0,2,0,2020
2677,7R24B,0,0,0,2020
2673,7R25A,2,4,2,2020
2678,7R25B,0,0,0,2020
2588,7R304A,0,0,1,2020
2589,7R304B,0,0,0,2020
2590,7R305A,0,0,0,2020
2591,7R305B,0,0,0,2020
2592,7R306A,1,2,0,2020
2593,7R306B,2,2,1,2020
2594,7R307A,3,0,0,2020
2595,7R307B,0,0,0,2020
2596,7R308A,0,0,0,2020
2597,7R308B,0,0,0,2020
2598,7R309A,1,0,0,2020
2599,7R309B,2,0,1,2020
2669,7R30A,1,2,1,2020
2676,7R30B,2,3,3,2020
2671,7R31A,0,0,0,2020
2674,7R31B,0,0,0,2020
2703,7R320A,0,1,0,2020
2704,7R320B,4,3,1,2020
2645,7R339A,0,0,1,2020
2646,7R339B,0,0,0,2020
2651,7R342,4,1,0,2020
2652,7R343,1,2,1,2020
2653,7R344,0,0,0,2020
2654,7R345,1,0,0,2020
2655,7R346,1,2,1,2020
2656,7R347,1,0,1,2020
2629,7R348,0,0,0,2020
2630,7R349,0,1,0,2020
2631,7R350,0,0,0,2020
2632,7R351,0,0,0,2020
2633,7R352,0,0,0,2020
2634,7R353,0,0,0,2020
2679,7R42A,1,0,2,2020
2670,7R42B,0,0,1,2020
2680,7R43A,0,0,0,2020
2672,7R43B,0,0,0,2020
2693,7R58A,4,5,3,2020
2694,7R58B,1,1,3,2020
2681,7R59A,5,5,2,2020
2682,7R59B,0,0,0,2020
2683,7R60A,2,1,4,2020
2684,7R60B,0,1,1,2020
2574,7R674,1,0,2,2020
2575,7R675,0,0,0,2020
2576,7R676,2,0,0,2020
2577,7R677,0,0,0,2020
2578,7R678,0,0,1,2020
2579,7R681,0,2,2,2020
2580,7R682,0,0,0,2020
2581,7R683,0,0,0,2020
2582,7R684,0,0,0,2020
2584,7R686,0,1,0,2020
2585,7R687,1,0,1,2020
2583,7R688,0,0,0,2020
2570,7R689,0,0,0,2020
2571,7R690,0,0,0,2020
2586,7R692,0,1,0,2020
2587,7R693,0,0,0,2020
2572,7R695,0,1,2,2020
2573,7R696,2,2,1,2020
2695,7R71A,1,0,0,2020
2696,7R71B,2,3,1,2020
2697,7R72A,3,0,4,2020
2698,7R72B,0,0,0,2020
2685,7R73A,1,4,1,2020
2686,7R73B,0,0,0,2020
2687,7R74A,1,1,3,2020
2688,7R74B,2,5,1,2020
2699,7R87A,0,0,2,2020
2700,7R87B,2,0,0,2020
2701,7R88A,1,0,3,2020
2702,7R88B,0,0,0,2020
2689,7R89A,2,5,2,2020
2690,7R89B,2,2,2,2020
2691,7R90A,0,0,0,2020
2692,7R90B,0,1,2,2020
2163,8R100A,1,2,1,2020
2166,8R100B,1,0,0,2020
2184,8R134A,2,0,2,2020
2190,8R134B,0,0,0,2020
2162,8R137A,4,0,2,2020
2165,8R137B,0,0,1,2020
2171,8R138A,4,5,1,2020
2172,8R138B,1,0,0,2020
2119,8R140A,1,0,0,2020
2118,8R140B,1,1,0,2020
2117,8R141A,0,0,0,2020
2116,8R141B,0,0,0,2020
2199,8R1801A,0,2,1,2020
2201,8R1801B,0,1,0,2020
2200,8R1802A,0,0,0,2020
2202,8R1802B,1,0,0,2020
2203,8R1804A,5,2,0,2020
2207,8R1804B,3,3,2,2020
2157,8R1819A,0,0,0,2020
2160,8R1819B,4,4,1,2020
2174,8R182,1,1,0,2020
2237,8R1822A,0,0,0,2020
2230,8R1822B,0,0,0,2020
2186,8R1838A,2,1,0,2020
2189,8R1838B,1,0,0,2020
2156,8R1844A,2,3,2,2020
2139,8R1844B,4,2,0,2020
2115,8R1848A,2,1,0,2020
2114,8R1848B,0,1,1,2020
2113,8R1849A,0,4,0,2020
2112,8R1849B,0,0,0,2020
2111,8R1851A,0,0,0,2020
2110,8R1851B,0,1,0,2020
2108,8R1856A,0,2,2,2020
2109,8R1856B,0,0,0,2020
2179,8R1859A,1,0,0,2020
2187,8R1859B,0,0,0,2020
2170,8R185A,2,6,3,2020
2168,8R185B,0,2,3,2020
2180,8R1860A,0,0,0,2020
2182,8R1860B,0,0,0,2020
2183,8R1861A,2,0,0,2020
2188,8R1861B,2,1,0,2020
2169,8R186A,4,3,2,2020
2167,8R186B,1,5,3,2020
2205,8R19A,1,0,0,2020
2204,8R19B,0,0,0,2020
2185,8R2019A,2,3,0,2020
2181,8R2019B,2,0,0,2020
2176,8R294,1,0,0,2020
2141,8R296,0,1,2,2020
2195,8R297,0,2,1,2020
2192,8R298,1,6,5,2020
2194,8R299,0,1,0,2020
2208,8R29A,1,0,0,2020
2206,8R29B,1,2,1,2020
2197,8R30A,0,1,2,2020
2198,8R30B,0,1,0,2020
2153,8R31A,0,0,0,2020
2140,8R31B,0,0,0,2020
2178,8R326,3,1,0,2020
2173,8R327,1,1,1,2020
2193,8R330,0,0,2,2020
2191,8R331,3,2,1,2020
2196,8R332,4,5,4,2020
2149,8R335,4,4,1,2020
2148,8R336,0,0,1,2020
2175,8R356,0,4,0,2020
2177,8R357,0,0,0,2020
2151,8R358,0,0,0,2020
2150,8R359,1,1,0,2020
2147,8R360,1,0,1,2020
2146,8R377,0,1,0,2020
2143,8R390,1,4,1,2020
2209,8R405,0,0,0,2020
2145,8R406,1,0,0,2020
2144,8R407,1,2,2,2020
2142,8R421,0,0,0,2020
2229,8R44A,0,0,0,2020
2231,8R44B,0,0,0,2020
2214,8R454,0,0,0,2020
2211,8R455,2,0,0,2020
2212,8R456,0,0,0,2020
2236,8R45A,0,2,1,2020
2233,8R45B,0,0,0,2020
2210,8R467,1,0,1,2020
2213,8R468,0,0,0,2020
2126,8R496,0,0,0,2020
2137,8R498,0,0,0,2020
2127,8R507,0,0,0,2020
2128,8R508,2,1,0,2020
2129,8R509,0,0,0,2020
2136,8R511,0,0,0,2020
2130,8R519,0,0,0,2020
2131,8R520,0,0,0,2020
2135,8R521,1,3,0,2020
2134,8R522,0,0,0,2020
2121,8R524,3,0,3,2020
2122,8R525,0,2,0,2020
2123,8R528,1,2,0,2020
2120,8R529,0,1,0,2020
2125,8R536,0,1,0,2020
2124,8R537,0,1,0,2020
2132,8R606,0,0,0,2020
2133,8R607,0,0,0,2020
2106,8R617,0,0,0,2020
2105,8R618,0,0,1,2020
2104,8R619,0,0,0,2020
2103,8R625,0,1,1,2020
2102,8R626,0,0,0,2020
2221,8R635,0,0,0,2020
2215,8R636,0,0,0,2020
2107,8R637,0,0,1,2020
2222,8R644,0,0,0,2020
2223,8R645,0,0,0,2020
2224,8R646,0,2,0,2020
2218,8R647,0,0,0,2020
2216,8R648,0,0,0,2020
2225,8R655,0,0,0,2020
2220,8R656,0,0,0,2020
2217,8R657,0,0,0,2020
2235,8R65A,0,0,1,2020
2226,8R65B,0,0,0,2020
2219,8R661,0,1,0,2020
2155,8R72A,1,0,0,2020
2152,8R72B,1,2,0,2020
2159,8R73A,0,1,2,2020
2158,8R73B,0,0,0,2020
2138,8R74A,0,0,1,2020
2154,8R74B,0,0,1,2020
2232,8R95A,0,0,0,2020
2234,8R95B,0,0,0,2020
2227,8R96A,0,0,0,2020
2228,8R96B,0,0,0,2020
2164,8R99A,2,5,3,2020
2161,8R99B,0,0,1,2020
2366,9R100A,0,2,3,2020
2367,9R100B,0,1,1,2020
2368,9R101A,0,0,0,2020
2369,9R101B,0,0,0,2020
2370,9R102A,0,0,3,2020
2371,9R102B,0,0,0,2020
2372,9R104A,0,0,0,2020
2373,9R104B,0,2,0,2020
2374,9R115A,1,0,3,2020
2375,9R115B,2,1,4,2020
2376,9R116A,0,2,1,2020
2377,9R116B,0,2,5,2020
2378,9R117A,0,0,1,2020
2379,9R117B,0,3,0,2020
2380,9R118A,3,0,0,2020
2381,9R118B,1,0,2,2020
2382,9R119A,4,1,0,2020
2383,9R119B,1,0,0,2020
2384,9R11A,3,3,1,2020
2385,9R11B,1,2,1,2020
2386,9R120A,1,0,0,2020
2387,9R120B,1,0,0,2020
2388,9R12A,0,0,2,2020
2389,9R12B,0,0,0,2020
2390,9R133A,0,1,0,2020
2391,9R133B,0,1,0,2020
2392,9R134A,0,0,1,2020
2393,9R134B,0,1,2,2020
2394,9R135A,0,0,1,2020
2395,9R135B,0,1,0,2020
2396,9R136A,0,4,0,2020
2397,9R136B,2,1,1,2020
2398,9R137A,0,0,0,2020
2399,9R137B,1,4,2,2020
2400,9R148A,0,0,0,2020
2401,9R148B,1,1,1,2020
2402,9R17A,2,0,1,2020
2403,9R17B,0,0,0,2020
2404,9R18A,1,0,2,2020
2405,9R18B,1,0,1,2020
2406,9R19A,0,2,0,2020
2407,9R19B,0,1,1,2020
2408,9R1A,0,0,0,2020
2409,9R1B,0,2,0,2020
2410,9R269A,2,3,1,2020
2411,9R273A,1,2,0,2020
2412,9R274A,1,1,2,2020
2413,9R275A,0,1,0,2020
2414,9R278A,0,0,0,2020
2415,9R279A,2,7,3,2020
2416,9R283A,0,2,0,2020
2417,9R284A,2,4,0,2020
2418,9R290A,0,0,0,2020
2419,9R291A,0,0,2,2020
2420,9R296A,2,1,0,2020
2421,9R297A,0,0,1,2020
2422,9R298A,0,0,0,2020
2423,9R299A,0,0,0,2020
2424,9R2A,0,0,0,2020
2425,9R2B,0,0,0,2020
2426,9R300A,0,0,1,2020
2427,9R301A,0,0,0,2020
2428,9R302A,0,0,0,2020
2429,9R303A,0,0,0,2020
2430,9R335A,0,0,1,2020
2431,9R335B,1,1,1,2020
2432,9R336A,0,1,0,2020
2433,9R336B,1,1,1,2020
2434,9R340A,2,5,0,2020
2435,9R34A,0,1,0,2020
2436,9R34B,0,2,2,2020
2437,9R354A,0,0,0,2020
2438,9R35A,2,1,1,2020
2439,9R35B,0,0,0,2020
2440,9R36A,0,1,0,2020
2441,9R36B,0,2,1,2020
2442,9R3A,4,1,1,2020
2443,9R3B,0,0,0,2020
2444,9R46A,2,2,1,2020
2445,9R46B,1,1,0,2020
2446,9R47A,2,4,1,2020
2447,9R47B,1,3,0,2020
2448,9R48A,1,2,0,2020
2449,9R48B,0,0,1,2020
2450,9R49A,0,0,0,2020
2451,9R49B,0,0,1,2020
2452,9R4A,0,0,0,2020
2453,9R4B,0,0,2,2020
2454,9R50A,0,1,0,2020
2455,9R50B,0,0,0,2020
2456,9R51A,3,5,3,2020
2457,9R51B,0,0,0,2020
2458,9R52A,0,0,0,2020
2459,9R52B,0,0,0,2020
2460,9R53A,0,0,0,2020
2461,9R53B,0,0,0,2020
2462,9R54A,1,0,1,2020
2463,9R54B,0,0,2,2020
2464,9R63A,0,0,0,2020
2465,9R63B,0,0,0,2020
2466,9R64A,1,1,0,2020
2467,9R64B,0,0,1,2020
2468,9R65A,1,1,1,2020
2469,9R65B,3,1,1,2020
2470,9R66A,0,2,3,2020
2471,9R66B,2,0,1,2020
2472,9R67A,2,3,0,2020
2473,9R67B,2,4,0,2020
2474,9R68A,3,1,0,2020
2475,9R68B,2,1,0,2020
2476,9R69A,0,0,0,2020
2477,9R69B,0,0,0,2020
2478,9R6A,0,0,1,2020
2479,9R6B,0,0,0,2020
2480,9R70A,3,1,1,2020
2481,9R70B,2,5,3,2020
2482,9R79A,0,0,0,2020
2483,9R79B,0,0,0,2020
2484,9R7A,0,0,0,2020
2485,9R7B,0,0,0,2020
2486,9R80A,0,0,0,2020
2487,9R80B,0,1,0,2020
2488,9R81A,0,0,0,2020
2489,9R81B,1,1,0,2020
2490,9R82A,1,0,0,2020
2491,9R82B,0,0,0,2020
2492,9R83A,1,1,1,2020
2493,9R83B,0,0,0,2020
2494,9R84A,0,3,4,2020
2495,9R84B,1,0,0,2020
2496,9R85A,0,0,0,2020
2497,9R85B,0,1,0,2020
2498,9R86A,1,0,0,2020
2499,9R86B,2,0,2,2020
2500,9R97A,0,0,0,2020
2501,9R97B,0,1,0,2020
2502,9R98A,0,0,0,2020
2503,9R98B,0,0,0,2020
2504,9R99A,0,4,1,2020
2505,9R99B,0,1,0,2020
2705,4R111A,0,0,0,2021
2706,4R111B,1,2,0,2021
2707,4R112A,2,0,0,2021
2708,4R112B,0,0,1,2021
2709,4R113A,0,0,1,2021
2710,4R113B,4,3,2,2021
2711,4R114A,0,0,0,2021
2712,4R114B,2,0,0,2021
2713,4R132A,2,0,1,2021
2714,4R132B,0,0,1,2021
2715,4R146A,0,2,0,2021
2716,4R146B,0,0,1,2021
2717,4R147A,0,0,0,2021
2718,4R147B,0,0,0,2021
2719,4R154A,0,1,3,2021
2720,4R154B,0,0,1,2021
2721,4R155A,0,3,2,2021
2722,4R155B,0,2,1,2021
2723,4R156A,1,1,1,2021
2724,4R156B,0,0,0,2021
2725,4R157A,0,0,0,2021
2726,4R157B,0,0,0,2021
2727,4R15A,0,0,2,2021
2728,4R15B,1,0,1,2021
2729,4R161A,1,0,1,2021
2730,4R161B,0,1,1,2021
2731,4R162A,0,1,0,2021
2732,4R162B,0,0,0,2021
2733,4R163A,3,1,1,2021
2734,4R163B,1,2,0,2021
2735,4R164A,0,2,1,2021
2736,4R164B,0,0,0,2021
2737,4R165A,5,4,2,2021
2738,4R165B,2,2,0,2021
2739,4R166A,0,0,2,2021
2740,4R166B,0,0,0,2021
2741,4R167A,0,0,0,2021
2742,4R167B,0,0,0,2021
2743,4R16A,0,1,1,2021
2744,4R16B,0,0,0,2021
2745,4R171A,0,0,0,2021
2746,4R171B,0,0,1,2021
2747,4R172A,0,0,0,2021
2748,4R172B,1,0,0,2021
2749,4R173A,1,2,2,2021
2750,4R173B,3,3,4,2021
2751,4R177A,1,1,0,2021
2752,4R177B,0,0,0,2021
2753,4R178A,0,1,1,2021
2754,4R178B,1,1,1,2021
2755,4R182A,0,0,0,2021
2756,4R182B,2,1,1,2021
2757,4R183A,0,0,0,2021
2758,4R183B,1,0,0,2021
2759,4R187A,1,2,1,2021
2760,4R187B,1,1,0,2021
2761,4R188A,0,1,1,2021
2762,4R188B,1,0,0,2021
2763,4R189A,0,0,0,2021
2764,4R189B,4,3,4,2021
2765,4R190A,1,0,0,2021
2766,4R190B,0,3,1,2021
2767,4R194A,0,0,0,2021
2768,4R194B,0,0,0,2021
2769,4R195A,0,1,0,2021
2770,4R195B,0,1,1,2021
2771,4R196A,0,0,2,2021
2772,4R196B,0,0,0,2021
2773,4R197A,0,0,0,2021
2774,4R197B,0,1,1,2021
2775,4R204A,1,0,0,2021
2776,4R204B,1,1,0,2021
2777,4R205A,1,3,3,2021
2778,4R205B,0,0,0,2021
2779,4R310A,0,1,4,2021
2780,4R310B,0,1,0,2021
2781,4R311A,0,0,0,2021
2782,4R311B,2,1,5,2021
2783,4R312A,1,2,2,2021
2784,4R312B,1,1,2,2021
2785,4R313A,0,1,0,2021
2786,4R313B,0,0,0,2021
2787,4R314A,2,3,1,2021
2788,4R314B,0,3,0,2021
2789,4R315A,1,1,3,2021
2790,4R315B,0,2,2,2021
2791,4R316A,0,0,0,2021
2792,4R316B,0,0,1,2021
2793,4R317A,1,0,1,2021
2794,4R317B,0,0,0,2021
2795,4R318A,0,0,0,2021
2796,4R318B,0,0,0,2021
2797,4R319A,0,0,0,2021
2798,4R319B,0,0,0,2021
2799,4R32A,0,1,1,2021
2800,4R32B,0,3,0,2021
2801,4R338A,1,1,1,2021
2802,4R338B,2,3,2,2021
2803,4R33A,0,0,0,2021
2804,4R33B,2,2,0,2021
2805,4R44A,0,0,0,2021
2806,4R44B,0,2,0,2021
2807,4R45A,0,0,0,2021
2808,4R45B,2,3,2,2021
2809,4R61A,0,0,0,2021
2810,4R61B,1,0,0,2021
2811,4R62A,1,3,2,2021
2812,4R62B,1,2,3,2021
2813,4R75A,2,1,2,2021
2814,4R75B,2,1,1,2021
2815,4R76A,2,0,3,2021
2816,4R76B,1,0,0,2021
2817,4R77A,0,0,0,2021
2818,4R77B,0,0,0,2021
2819,4R78A,0,0,0,2021
2820,4R78B,0,0,0,2021
2821,4R91A,0,0,0,2021
2822,4R91B,0,1,0,2021
2823,4R92A,1,2,2,2021
2824,4R92B,0,0,0,2021
2825,4R93A,1,2,1,2021
2826,4R93B,0,1,0,2021
2827,4R94A,0,0,0,2021
2828,4R94B,3,3,3,2021
2829,4R95A,0,0,0,2021
2830,4R95B,0,0,0,2021
2831,4R96A,0,0,1,2021
2832,4R96B,0,0,0,2021
2833,6R213A,1,0,0,2021
2834,6R241A,1,6,3,2021
2835,6R242A,0,0,0,2021
2836,6R243A,1,4,4,2021
2837,6R246A,0,0,0,2021
2838,6R247A,3,2,3,2021
2839,6R248A,2,2,4,2021
2840,6R249A,0,0,0,2021
2841,6R250A,0,0,1,2021
2842,6R251A,1,0,3,2021
2843,6R252A,0,0,1,2021
2844,6R253A,0,0,0,2021
2845,6R254A,1,3,1,2021
2846,6R255A,0,0,0,2021
2847,6R256A,0,0,0,2021
2848,6R257A,0,0,0,2021
2849,6R258A,0,0,1,2021
2850,6R259A,0,0,0,2021
2851,6R259B,0,0,0,2021
2852,6R260A,0,1,0,2021
2853,6R261A,1,0,0,2021
2854,6R262A,1,0,0,2021
2855,6R263A,7,3,2,2021
2856,6R264A,1,0,0,2021
2857,6R264B,1,0,0,2021
2858,6R265A,0,0,0,2021
2859,6R266A,1,0,0,2021
2860,6R490,2,3,2,2021
2861,6R491,0,0,0,2021
2862,6R501,4,5,5,2021
2863,6R502,4,2,0,2021
2864,6R503,1,1,0,2021
2865,6R504,3,1,1,2021
2866,6R505,0,0,0,2021
2867,6R515,4,4,3,2021
2868,6R516,0,0,0,2021
2869,6R530,1,3,1,2021
2870,6R531,2,1,1,2021
2871,6R532,3,4,2,2021
2872,6R538,0,0,0,2021
2873,6R539,0,0,0,2021
2874,6R540,2,0,0,2021
2875,6R544,2,3,1,2021
2876,6R545,0,1,0,2021
2877,6R546,1,2,2,2021
2878,6R555,1,1,0,2021
2879,6R556,0,2,3,2021
2880,6R557,0,1,3,2021
2881,6R594,0,0,0,2021
2882,6R595,0,0,0,2021
2883,6R596,0,0,0,2021
2884,6R597,0,0,0,2021
2885,6R599,0,0,1,2021
2886,6R600,0,0,0,2021
2887,6R601,4,1,1,2021
2888,6R602,3,1,0,2021
2889,6R604,1,1,0,2021
2890,6R605,0,0,0,2021
2891,7R109A,0,0,0,2021
2892,7R109B,0,0,0,2021
2893,7R110A,0,1,1,2021
2894,7R110B,0,0,0,2021
2895,7R123,0,0,0,2021
2896,7R124,0,0,0,2021
2897,7R125,0,0,0,2021
2898,7R131A,0,0,0,2021
2899,7R131B,0,0,0,2021
2900,7R143A,1,0,0,2021
2901,7R143B,0,1,0,2021
2902,7R144A,0,0,0,2021
2903,7R144B,0,0,0,2021
2904,7R145A,1,0,2,2021
2905,7R145B,1,0,1,2021
2906,7R149,0,1,0,2021
2907,7R151A,0,0,0,2021
2908,7R151B,1,0,0,2021
2909,7R152A,0,0,0,2021
2910,7R152B,1,0,0,2021
2911,7R153A,0,1,2,2021
2912,7R153B,1,1,2,2021
2913,7R159A,0,0,0,2021
2914,7R159B,0,0,0,2021
2915,7R160A,0,0,0,2021
2916,7R160B,0,1,1,2021
2917,7R174,3,4,2,2021
2918,7R175,0,4,3,2021
2919,7R179,0,1,0,2021
2920,7R180A,1,1,0,2021
2921,7R180B,1,3,4,2021
2922,7R181A,0,3,1,2021
2923,7R181B,1,3,3,2021
2924,7R184,0,0,0,2021
2925,7R185A,0,0,1,2021
2926,7R185B,0,0,3,2021
2927,7R186A,2,5,1,2021
2928,7R186B,0,0,0,2021
2929,7R198,0,0,0,2021
2930,7R201A,0,3,0,2021
2931,7R201B,0,3,0,2021
2932,7R202A,0,0,1,2021
2933,7R202B,0,0,0,2021
2934,7R203A,0,5,4,2021
2935,7R203B,0,0,1,2021
2936,7R206A,1,0,3,2021
2937,7R206B,0,0,0,2021
2938,7R207A,0,0,1,2021
2939,7R207B,0,1,1,2021
2940,7R208A,1,2,0,2021
2941,7R208B,0,3,2,2021
2942,7R209A,0,0,0,2021
2943,7R209B,0,0,0,2021
2944,7R210A,0,1,2,2021
2945,7R210B,0,0,2,2021
2946,7R214,4,2,2,2021
2947,7R215,1,1,0,2021
2948,7R226,1,1,0,2021
2949,7R228,0,2,0,2021
2950,7R229,0,1,0,2021
2951,7R230,0,0,0,2021
2952,7R24A,0,0,2,2021
2953,7R24B,6,3,1,2021
2954,7R25A,0,1,0,2021
2955,7R25B,0,0,0,2021
2956,7R304A,2,2,1,2021
2957,7R304B,0,0,0,2021
2958,7R305A,0,1,0,2021
2959,7R305B,0,0,0,2021
2960,7R306A,1,0,1,2021
2961,7R306B,0,1,0,2021
2962,7R307A,1,1,0,2021
2963,7R307B,1,1,0,2021
2964,7R308A,0,1,0,2021
2965,7R308B,0,1,0,2021
2966,7R309A,0,0,0,2021
2967,7R309B,1,0,1,2021
2968,7R30A,0,3,1,2021
2969,7R30B,0,2,4,2021
2970,7R31A,4,1,0,2021
2971,7R31B,1,1,0,2021
2972,7R320A,2,6,5,2021
2973,7R320B,3,4,1,2021
2974,7R339A,0,0,0,2021
2975,7R339B,0,0,0,2021
2976,7R342,1,0,0,2021
2977,7R343,0,0,0,2021
2978,7R344,0,0,0,2021
2979,7R345,0,2,0,2021
2980,7R346,0,1,0,2021
2981,7R347,0,0,0,2021
2982,7R348,1,0,1,2021
2983,7R349,2,1,1,2021
2984,7R350,0,0,0,2021
2985,7R351,1,0,0,2021
2986,7R352,0,0,0,2021
2987,7R353,1,1,1,2021
2988,7R42A,1,3,4,2021
2989,7R42B,0,2,0,2021
2990,7R43A,0,5,5,2021
2991,7R43B,1,3,1,2021
2992,7R58A,3,5,4,2021
2993,7R58B,0,0,1,2021
2994,7R59A,4,2,2,2021
2995,7R59B,0,4,0,2021
2996,7R60A,0,3,2,2021
2997,7R60B,0,0,0,2021
2998,7R674,1,0,0,2021
2999,7R675,0,0,0,2021
3000,7R676,0,1,0,2021
3001,7R677,0,0,0,2021
3002,7R678,0,0,0,2021
3003,7R681,1,2,3,2021
3004,7R682,0,2,0,2021
3005,7R683,1,0,0,2021
3006,7R684,2,2,2,2021
3007,7R686,1,3,2,2021
3008,7R687,0,2,1,2021
3009,7R688,1,2,1,2021
3010,7R689,0,0,0,2021
3011,7R690,1,0,0,2021
3012,7R692,0,0,2,2021
3013,7R693,0,0,0,2021
3014,7R695,1,1,0,2021
3015,7R696,1,4,1,2021
3016,7R71A,0,0,0,2021
3017,7R71B,0,1,0,2021
3018,7R72A,1,1,1,2021
3019,7R72B,0,0,0,2021
3020,7R73A,0,1,0,2021
3021,7R73B,3,0,0,2021
3022,7R74A,1,0,1,2021
3023,7R74B,0,0,0,2021
3024,7R87A,0,0,0,2021
3025,7R87B,1,1,0,2021
3026,7R88A,0,0,0,2021
3027,7R88B,0,0,0,2021
3028,7R89A,5,5,5,2021
3029,7R89B,0,1,0,2021
3030,7R90A,0,0,0,2021
3031,7R90B,0,1,0,2021
3032,8R100A,1,3,1,2021
3033,8R100B,0,1,4,2021
3034,8R134A,0,0,0,2021
3035,8R134B,0,0,0,2021
3036,8R137A,1,3,2,2021
3037,8R137B,0,0,0,2021
3038,8R138A,2,0,1,2021
3039,8R138B,2,1,2,2021
3040,8R140A,5,2,4,2021
3041,8R140B,0,0,0,2021
3042,8R141A,0,0,0,2021
3043,8R141B,0,0,0,2021
3044,8R1801A,0,0,0,2021
3045,8R1801B,1,3,1,2021
3046,8R1802A,1,0,0,2021
3047,8R1802B,1,1,0,2021
3048,8R1804A,2,1,3,2021
3049,8R1804B,1,0,0,2021
3050,8R1819A,0,0,0,2021
3051,8R1819B,1,1,1,2021
3052,8R182,0,1,1,2021
3053,8R1822A,1,0,0,2021
3054,8R1822B,0,0,0,2021
3055,8R1838A,0,0,0,2021
3056,8R1838B,0,0,0,2021
3057,8R1844A,2,6,4,2021
3058,8R1844B,0,5,2,2021
3059,8R1848A,0,0,0,2021
3060,8R1848B,5,2,2,2021
3061,8R1849A,1,0,1,2021
3062,8R1849B,0,1,1,2021
3063,8R1851A,0,0,2,2021
3064,8R1851B,0,0,0,2021
3065,8R1856A,4,5,0,2021
3066,8R1856B,0,0,0,2021
3067,8R1859A,1,0,0,2021
3068,8R1859B,1,1,4,2021
3069,8R185A,0,3,4,2021
3070,8R185B,1,2,2,2021
3071,8R1860A,2,2,0,2021
3072,8R1860B,1,0,0,2021
3073,8R1861A,1,0,1,2021
3074,8R1861B,0,0,0,2021
3075,8R186A,1,2,3,2021
3076,8R186B,0,0,2,2021
3077,8R19A,0,0,0,2021
3078,8R19B,1,0,0,2021
3079,8R2019A,0,0,2,2021
3080,8R2019B,0,0,0,2021
3081,8R294,0,0,1,2021
3082,8R296,1,1,1,2021
3083,8R297,0,0,0,2021
3084,8R298,1,1,2,2021
3085,8R299,4,1,1,2021
3086,8R29A,0,0,0,2021
3087,8R29B,0,0,0,2021
3088,8R30A,0,0,0,2021
3089,8R30B,0,0,0,2021
3090,8R31A,0,1,1,2021
3091,8R31B,1,1,5,2021
3092,8R326,0,1,0,2021
3093,8R327,1,0,3,2021
3094,8R330,1,1,1,2021
3095,8R331,0,0,1,2021
3096,8R332,6,0,2,2021
3097,8R335,0,1,0,2021
3098,8R336,0,0,1,2021
3099,8R356,0,0,1,2021
3100,8R357,0,0,0,2021
3101,8R358,0,0,0,2021
3102,8R359,0,1,0,2021
3103,8R360,1,2,0,2021
3104,8R377,1,0,0,2021
3105,8R390,1,5,2,2021
3106,8R405,1,1,0,2021
3107,8R406,0,0,0,2021
3108,8R407,0,2,5,2021
3109,8R421,0,0,0,2021
3110,8R44A,0,0,1,2021
3111,8R44B,0,1,0,2021
3112,8R454,3,0,0,2021
3113,8R455,3,4,2,2021
3114,8R456,1,3,0,2021
3115,8R45A,1,2,0,2021
3116,8R45B,1,0,0,2021
3117,8R467,0,1,0,2021
3118,8R468,0,0,0,2021
3119,8R496,0,0,0,2021
3120,8R498,0,1,0,2021
3121,8R507,0,0,0,2021
3122,8R508,1,0,0,2021
3123,8R509,0,0,1,2021
3124,8R511,1,2,3,2021
3125,8R519,0,0,0,2021
3126,8R520,0,1,0,2021
3127,8R521,1,0,0,2021
3128,8R522,2,0,0,2021
3129,8R524,0,0,0,2021
3130,8R525,2,0,0,2021
3131,8R528,1,0,0,2021
3132,8R529,0,0,0,2021
3133,8R536,0,0,0,2021
3134,8R537,0,2,0,2021
3135,8R606,2,2,1,2021
3136,8R607,0,0,0,2021
3137,8R617,5,4,4,2021
3138,8R618,1,0,0,2021
3139,8R619,0,0,0,2021
3140,8R625,0,0,0,2021
3141,8R626,0,0,1,2021
3142,8R635,0,0,0,2021
3143,8R636,0,0,1,2021
3144,8R637,0,0,0,2021
3145,8R644,0,0,0,2021
3146,8R645,0,0,0,2021
3147,8R646,0,1,1,2021
3148,8R647,0,0,0,2021
3149,8R648,0,1,1,2021
3150,8R655,0,0,0,2021
3151,8R656,0,0,0,2021
3152,8R657,0,0,0,2021
3153,8R65A,0,1,5,2021
3154,8R65B,1,0,0,2021
3155,8R661,0,0,1,2021
3156,8R72A,0,2,0,2021
3157,8R72B,0,0,2,2021
3158,8R73A,3,6,5,2021
3159,8R73B,4,3,4,2021
3160,8R74A,0,0,1,2021
3161,8R74B,2,2,1,2021
3162,8R95A,0,0,0,2021
3163,8R95B,0,0,2,2021
3164,8R96A,0,0,0,2021
3165,8R96B,1,0,0,2021
3166,8R99A,1,0,1,2021
3167,8R99B,1,3,3,2021
3168,9R100A,0,0,0,2021
3169,9R100B,0,0,2,2021
3170,9R101A,0,0,1,2021
3171,9R101B,0,0,0,2021
3172,9R102A,0,0,0,2021
3173,9R102B,1,0,0,2021
3174,9R104A,0,2,1,2021
3175,9R104B,1,0,1,2021
3176,9R115A,0,0,1,2021
3177,9R115B,2,2,2,2021
3178,9R116A,0,1,1,2021
3179,9R116B,0,3,0,2021
3180,9R117A,1,1,0,2021
3181,9R117B,1,5,3,2021
3182,9R118A,0,0,0,2021
3183,9R118B,1,0,0,2021
3184,9R119A,1,0,0,2021
3185,9R119B,0,0,0,2021
3186,9R11A,5,3,2,2021
3187,9R11B,0,1,0,2021
3188,9R120A,0,0,0,2021
3189,9R120B,0,1,2,2021
3190,9R12A,1,0,2,2021
3191,9R12B,2,3,1,2021
3192,9R133A,0,0,1,2021
3193,9R133B,0,0,0,2021
3194,9R134A,0,3,1,2021
3195,9R134B,0,1,3,2021
3196,9R135A,0,0,0,2021
3197,9R135B,0,0,0,2021
3198,9R136A,0,5,2,2021
3199,9R136B,0,1,0,2021
3200,9R137A,1,0,0,2021
3201,9R137B,1,2,0,2021
3202,9R148A,0,1,0,2021
3203,9R148B,0,3,2,2021
3204,9R17A,1,2,3,2021
3205,9R17B,0,0,0,2021
3206,9R18A,5,1,1,2021
3207,9R18B,0,0,1,2021
3208,9R19A,1,0,2,2021
3209,9R19B,4,3,3,2021
3210,9R1A,0,0,0,2021
3211,9R1B,2,3,3,2021
3212,9R269A,1,1,1,2021
3213,9R273A,1,0,0,2021
3214,9R274A,0,0,0,2021
3215,9R275A,1,2,0,2021
3216,9R278A,0,5,1,2021
3217,9R279A,4,3,0,2021
3218,9R283A,0,2,0,2021
3219,9R284A,1,1,1,2021
3220,9R290A,1,0,0,2021
3221,9R291A,0,0,0,2021
3222,9R296A,0,0,0,2021
3223,9R297A,0,0,0,2021
3224,9R298A,0,0,0,2021
3225,9R299A,0,0,0,2021
3226,9R2A,3,5,2,2021
3227,9R2B,0,3,1,2021
3228,9R300A,1,2,1,2021
3229,9R301A,0,0,0,2021
3230,9R302A,0,0,1,2021
3231,9R303A,0,0,0,2021
3232,9R335A,0,0,0,2021
3233,9R335B,0,0,0,2021
3234,9R336A,2,2,1,2021
3235,9R336B,1,4,5,2021
3236,9R340A,1,1,0,2021
3237,9R34A,0,1,0,2021
3238,9R34B,1,1,0,2021
3239,9R354A,0,0,0,2021
3240,9R35A,2,4,2,2021
3241,9R35B,0,1,0,2021
3242,9R36A,2,0,1,2021
3243,9R36B,3,1,2,2021
3244,9R3A,0,1,0,2021
3245,9R3B,0,0,0,2021
3246,9R46A,0,4,2,2021
3247,9R46B,0,2,1,2021
3248,9R47A,2,7,6,2021
3249,9R47B,2,3,2,2021
3250,9R48A,1,5,2,2021
3251,9R48B,1,4,4,2021
3252,9R49A,0,0,2,2021
3253,9R49B,0,0,0,2021
3254,9R4A,1,1,0,2021
3255,9R4B,1,3,0,2021
3256,9R50A,0,0,0,2021
3257,9R50B,0,0,0,2021
3258,9R51A,0,1,2,2021
3259,9R51B,0,0,0,2021
3260,9R52A,1,0,1,2021
3261,9R52B,0,1,0,2021
3262,9R53A,0,0,0,2021
3263,9R53B,2,2,1,2021
3264,9R54A,1,3,1,2021
3265,9R54B,0,1,0,2021
3266,9R63A,0,0,0,2021
3267,9R63B,0,0,0,2021
3268,9R64A,0,0,0,2021
3269,9R64B,1,2,0,2021
3270,9R65A,0,0,1,2021
3271,9R65B,1,2,1,2021
3272,9R66A,2,1,1,2021
3273,9R66B,1,1,1,2021
3274,9R67A,1,1,1,2021
3275,9R67B,3,1,0,2021
3276,9R68A,1,1,0,2021
3277,9R68B,1,0,0,2021
3278,9R69A,0,0,0,2021
3279,9R69B,0,0,0,2021
3280,9R6A,2,2,0,2021
3281,9R6B,0,0,0,2021
3282,9R70A,2,4,2,2021
3283,9R70B,5,5,2,2021
3284,9R79A,0,0,0,2021
3285,9R79B,0,0,0,2021
3286,9R7A,0,0,0,2021
3287,9R7B,0,1,0,2021
3288,9R80A,1,0,0,2021
3289,9R80B,1,0,0,2021
3290,9R81A,1,0,0,2021
3291,9R81B,0,0,0,2021
3292,9R82A,1,1,1,2021
3293,9R82B,0,0,0,2021
3294,9R83A,1,1,0,2021
3295,9R83B,1,0,1,2021
3296,9R84A,0,1,1,2021
3297,9R84B,0,0,1,2021
3298,9R85A,0,0,0,2021
3299,9R85B,0,0,1,2021
3300,9R86A,2,3,1,2021
3301,9R86B,1,3,3,2021
3302,9R97A,0,0,0,2021
3303,9R97B,0,1,1,2021
3304,9R98A,1,0,0,2021
3305,9R98B,2,1,0,2021
3306,9R99A,1,6,1,2021
3307,9R99B,0,0,1,2021
