Location,Occasion1,Occasion2,Occasion3,Group1,StudyArea,SurveyYear,CameraUTM_E,CameraUTM_N,CameraUTM_Zone,StartDateTime
ADK - 0410,0,0,1,1,1,2016,573916,4963496,18,2/25/2016 11:05:20 AM
ADK - 0410,0,0,0,1,1,2017,573916,4963496,18,1/25/2017 3:47:50 PM
ADK - 0410,1,1,0,1,1,2018,573916,4963496,18,1/22/2018 3:16:03 PM
ADK - 0550,0,0,0,1,1,2016,565452,4954488,18,2/25/2016 12:43:17 PM
ADK - 0550,0,0,0,1,1,2017,565452,4954488,18,2/27/2017 1:03:57 PM
ADK - 0550,0,0,0,1,1,2018,565452,4954488,18,2/2/2018 3:22:59 PM
ADK - 0693,0,0,0,1,1,2016,567511,4949569,18,2/25/2016 1:28:07 PM
ADK - 0693,0,0,0,1,1,2017,567511,4949569,18,2/27/2017 12:17:05 PM
ADK - 0693,0,0,0,1,1,2018,567511,4949569,18,1/18/2018 3:39:06 PM
ADK - 0775,0,NA,NA,1,1,2016,610832,4943185,18,1/27/2016 10:05:30 AM
ADK - 0775,0,1,1,1,1,2017,610832,4943185,18,1/24/2017 12:56:34 PM
ADK - 0775,0,0,0,1,1,2018,610832,4943185,18,1/17/2018 1:33:59 PM
ADK - 0836,0,0,0,1,1,2016,573126,4944415,18,2/25/2016 12:45:13 PM
ADK - 0836,0,0,0,1,1,2018,573126,4944415,18,2/2/2018 11:47:03 AM
ADK - 0905,0,0,0,1,1,2016,563433,4942512,18,2/25/2016 11:30:13 AM
ADK - 0905,0,0,0,1,1,2017,563433,4942512,18,2/27/2017 11:32:28 AM
ADK - 0905,0,0,0,1,1,2018,563433,4942512,18,1/29/2018 11:53:47 AM
ADK - 0908,0,0,1,1,1,2016,577368,4934264,18,2/25/2016 1:33:29 PM
ADK - 0908,0,0,0,1,1,2017,577368,4934264,18,1/26/2017 9:46:36 AM
ADK - 0908,0,0,0,1,1,2018,577368,4934264,18,2/21/2018 1:09:24 PM
ADK - 0910,1,0,NA,1,1,2016,585492,4936634,18,3/10/2016 12:36:27 PM
ADK - 0910,0,0,0,1,1,2017,585492,4936634,18,1/26/2017 8:48:09 AM
ADK - 0910,0,0,0,1,1,2018,585492,4936634,18,2/20/2018 10:41:37 AM
ADK - 0915,0,NA,NA,1,1,2016,605341,4938624,18,1/27/2016 10:42:39 AM
ADK - 0915,1,1,0,1,1,2017,605341,4938624,18,1/24/2017 2:16:08 PM
ADK - 0915,1,1,1,1,1,2018,605341,4938624,18,1/17/2018 2:18:25 PM
ADK - 0920,0,NA,NA,1,1,2016,623432,4936831,18,1/27/2016 12:21:50 PM
ADK - 0920,0,0,0,1,1,2017,623432,4936831,18,1/25/2017 9:23:10 AM
ADK - 0920,0,0,0,1,1,2018,623432,4936831,18,1/17/2018 11:17:14 AM
ADK - 0987,0,0,0,1,1,2016,606016,4934920,18,1/27/2016 11:36:41 AM
ADK - 0987,0,0,0,1,1,2017,606016,4934920,18,1/25/2017 12:38:54 PM
ADK - 0987,0,0,NA,1,1,2018,606016,4934920,18,1/17/2018 3:39:21 PM
ADK - 0992,0,NA,NA,1,1,2016,625596,4932522,18,1/27/2016 1:07:54 PM
ADK - 0992,0,0,0,1,1,2017,625596,4932522,18,1/25/2017 10:42:46 AM
ADK - 0992,1,0,0,1,1,2018,625596,4932522,18,1/17/2018 12:23:38 PM
ADK - 1043,0,0,0,1,1,2016,547464,4927015,18,2/25/2016 9:39:28 AM
ADK - 1043,0,0,0,1,1,2018,547464,4927015,18,2/6/2018 2:10:56 PM
ADK - 1048,0,0,0,1,1,2016,568048,4928976,18,2/9/2016 1:01:36 PM
ADK - 1048,0,0,0,1,1,2017,568048,4928976,18,1/31/2017 1:31:36 PM
ADK - 1048,0,0,0,1,1,2018,568048,4928976,18,2/15/2018 1:13:33 PM
ADK - 1052,0,0,0,1,1,2016,584432,4929363,18,3/9/2016 1:40:55 PM
ADK - 1052,0,0,0,1,1,2017,584432,4929363,18,1/28/2017 11:58:11 AM
ADK - 1052,0,0,1,1,1,2018,584432,4929363,18,2/16/2018 12:13:46 PM
ADK - 1054,1,1,1,1,1,2016,591509,4929324,18,3/9/2016 1:15:39 PM
ADK - 1054,0,0,0,1,1,2017,591509,4929324,18,1/28/2017 12:36:43 PM
ADK - 1054,0,0,0,1,1,2018,591509,4929324,18,2/16/2018 1:36:12 PM
ADK - 1121,0,0,NA,1,1,2016,576561,4926155,18,3/10/2016 12:11:32 PM
ADK - 1121,0,0,0,1,1,2017,576561,4926155,18,1/26/2017 10:39:18 AM
ADK - 1121,0,0,0,1,1,2018,576561,4926155,18,2/20/2018 1:00:26 PM
ADK - 1123,0,0,0,1,1,2016,582574,4923521,18,2/9/2016 11:53:29 AM
ADK - 1123,0,0,0,1,1,2017,582574,4923521,18,1/28/2017 11:03:23 AM
ADK - 1123,0,0,0,1,1,2018,582574,4923521,18,2/16/2018 11:39:14 AM
ADK - 1125,1,1,0,1,1,2016,592679,4923900,18,3/9/2016 12:43:06 PM
ADK - 1125,0,1,0,1,1,2017,592679,4923900,18,1/28/2017 1:33:21 PM
ADK - 1125,0,0,0,1,1,2018,592679,4923900,18,2/16/2018 10:32:15 AM
ADK - 1196,0,1,0,1,1,2016,591121,4922681,18,3/9/2016 12:26:01 PM
ADK - 1196,0,0,0,1,1,2017,591121,4922681,18,1/28/2017 2:13:07 PM
ADK - 1196,0,0,0,1,1,2018,591121,4922681,18,2/16/2018 10:57:05 AM
ADK - 1256,0,0,0,1,1,2016,550877,4919666,18,2/8/2016 1:26:18 PM
ADK - 1256,0,0,0,1,1,2017,550877,4919666,18,2/27/2017 3:26:34 PM
ADK - 1256,0,0,0,1,1,2018,550877,4919666,18,1/17/2018 8:14:24 PM
ADK - 1258,0,1,0,1,1,2016,558392,4916013,18,2/8/2016 12:00:23 PM
ADK - 1258,0,1,1,1,1,2017,558392,4916013,18,1/31/2017 1:07:44 PM
ADK - 1258,1,1,1,1,1,2018,558392,4916013,18,1/17/2018 2:24:19 PM
ADK - 1262,0,0,0,1,1,2016,572274,4919054,18,2/8/2016 3:37:51 PM
ADK - 1262,0,0,0,1,1,2017,572274,4919054,18,1/26/2017 11:34:53 AM
ADK - 1262,0,0,0,1,1,2018,572274,4919054,18,1/17/2018 1:52:08 PM
ADK - 1266,0,0,0,1,1,2016,588487,4917538,18,3/9/2016 11:42:00 AM
ADK - 1266,0,0,0,1,1,2017,588487,4917538,18,1/28/2017 10:01:42 AM
ADK - 1266,0,0,0,1,1,2018,588487,4917538,18,1/9/2018 1:53:02 PM
ADK - 1271,0,NA,NA,1,1,2016,608206,4917165,18,1/27/2016 2:17:20 PM
ADK - 1271,0,0,1,1,1,2017,608206,4917165,18,2/28/2017 1:24:24 PM
ADK - 1271,0,0,0,1,1,2018,608206,4917165,18,1/17/2018 10:29:42 AM
ADK - 1332,0,1,0,1,1,2016,567659,4912426,18,2/8/2016 2:39:25 PM
ADK - 1332,1,0,1,1,1,2017,567659,4912426,18,1/26/2017 12:35:48 PM
ADK - 1332,1,1,1,1,1,2018,567659,4912426,18,1/17/2018 2:24:54 PM
ADK - 1399,1,0,0,1,1,2016,552238,4909778,18,2/8/2016 11:20:17 AM
ADK - 1399,1,0,0,1,1,2017,552238,4909778,18,1/31/2017 2:00:25 PM
ADK - 1399,1,1,0,1,1,2018,552238,4909778,18,1/17/2018 3:44:15 PM
ADK - 1400,1,0,NA,1,1,2016,558406,4910146,18,3/10/2016 10:49:11 AM
ADK - 1400,0,0,0,1,1,2017,558406,4910146,18,1/31/2017 10:41:33 AM
ADK - 1400,0,0,0,1,1,2018,558406,4910146,18,1/17/2018 3:10:36 PM
ADK - 1402,0,1,NA,1,1,2016,564405,4908721,18,3/10/2016 11:17:48 AM
ADK - 1402,1,1,1,1,1,2017,564405,4908721,18,1/31/2017 11:17:45 AM
ADK - 1402,1,1,1,1,1,2018,564405,4908721,18,1/17/2018 2:53:46 PM
ADK - 1408,0,1,0,1,1,2016,587761,4909627,18,3/9/2016 10:51:44 AM
ADK - 1408,0,0,0,1,1,2017,587761,4909627,18,1/28/2017 8:59:31 AM
ADK - 1408,0,0,0,1,1,2018,587761,4909627,18,1/9/2018 2:35:02 PM
ADK - 1476,0,0,NA,1,1,2016,575761,4908910,18,3/10/2016 1:33:47 PM
ADK - 1476,0,0,0,1,1,2018,575761,4908910,18,2/27/2018 12:29:54 PM
ADK - 1483,1,NA,NA,1,1,2016,602317,4907759,18,1/27/2016 10:02:20 PM
ADK - 1483,0,0,0,1,1,2017,602317,4907759,18,2/28/2017 12:25:10 PM
ADK - 1483,0,0,1,1,1,2018,602317,4907759,18,1/9/2018 12:54:52 PM
ADK - 1540,0,0,NA,1,1,2016,551041,4900960,18,3/10/2016 10:04:36 AM
ADK - 1540,0,0,0,1,1,2017,551041,4900960,18,1/24/2017 12:02:01 PM
ADK - 1540,0,0,0,1,1,2018,551041,4900960,18,1/29/2018 3:00:33 PM
ADK - 1554,0,0,0,1,1,2016,601989,4900784,18,1/11/2016 2:30:46 PM
ADK - 1554,0,0,0,1,1,2017,601989,4900784,18,2/28/2017 10:30:42 AM
ADK - 1554,0,1,1,1,1,2018,601989,4900784,18,1/9/2018 11:31:00 AM
ADK - 1613,0,0,1,1,1,2016,557106,4899415,18,2/23/2016 9:33:44 AM
ADK - 1613,0,0,0,1,1,2017,557106,4899415,18,1/24/2017 1:14:55 PM
ADK - 1613,1,0,0,1,1,2018,557106,4899415,18,1/29/2018 4:00:24 PM
ADK - 1617,1,0,NA,1,1,2016,574293,4898733,18,3/10/2016 2:39:35 PM
ADK - 1617,0,0,0,1,1,2017,574293,4898733,18,1/28/2017 4:28:13 PM
ADK - 1617,0,1,0,1,1,2018,574293,4898733,18,1/17/2018 12:08:48 PM
ADK - 1631,0,0,1,1,1,2016,627946,4898028,18,1/2/2016 6:00:06 PM
ADK - 1631,1,1,1,1,1,2017,627946,4898028,18,1/27/2017 10:07:08 AM
ADK - 1631,1,1,0,1,1,2018,627946,4898028,18,1/11/2018 3:01:43 PM
ADK - 1678,0,0,0,1,1,2016,532592,4894889,18,2/8/2016 12:01:34 PM
ADK - 1678,0,0,0,1,1,2017,532592,4894889,18,1/20/2017 11:39:19 AM
ADK - 1678,0,0,0,1,1,2018,532592,4894889,18,1/11/2018 3:11:21 PM
ADK - 1688,0,0,0,1,1,2016,574956,4899226,18,2/23/2016 10:25:02 AM
ADK - 1688,0,0,0,1,1,2017,574956,4899226,18,1/31/2017 12:58:43 PM
ADK - 1688,0,0,0,1,1,2018,574956,4899226,18,1/17/2018 12:38:45 PM
ADK - 1694,1,1,1,1,1,2016,594507,4893377,18,1/11/2016 1:17:31 PM
ADK - 1694,1,1,0,1,1,2017,594507,4893377,18,1/27/2017 3:34:50 PM
ADK - 1694,1,0,1,1,1,2018,594507,4893377,18,1/9/2018 10:09:14 AM
ADK - 1820,0,0,0,1,1,2016,534258,4887356,18,2/8/2016 1:13:04 PM
ADK - 1820,0,0,0,1,1,2017,534258,4887356,18,1/20/2017 1:18:41 PM
ADK - 1820,0,0,0,1,1,2018,534258,4887356,18,1/11/2018 1:45:48 PM
ADK - 1830,0,0,0,1,1,2016,574125,4884954,18,2/9/2016 2:47:52 PM
ADK - 1830,0,0,0,1,1,2017,574125,4884954,18,1/23/2017 1:58:04 PM
ADK - 1830,0,0,0,1,1,2018,574125,4884954,18,1/10/2018 12:31:35 PM
ADK - 1839,0,0,0,1,1,2016,607215,4885936,18,1/11/2016 12:23:00 PM
ADK - 1839,0,0,0,1,1,2017,607215,4885936,18,1/27/2017 2:32:29 PM
ADK - 1839,0,0,0,1,1,2018,607215,4885936,18,1/11/2018 1:45:04 PM
ADK - 1902,0,0,0,1,1,2016,575370,4882623,18,2/9/2016 12:58:20 PM
ADK - 1902,0,0,0,1,1,2017,575370,4882623,18,1/23/2017 11:08:57 AM
ADK - 1902,0,0,0,1,1,2018,575370,4882623,18,1/10/2018 10:46:58 AM
ADK - 1910,0,0,0,1,1,2016,608031,4881227,18,1/11/2016 11:55:13 AM
ADK - 1910,0,0,0,1,1,2017,608031,4881227,18,1/27/2017 12:25:33 PM
ADK - 1910,0,0,0,1,1,2018,608031,4881227,18,1/11/2018 10:58:46 AM
ADK - 1961,0,0,0,1,1,2016,529974,4878773,18,2/8/2016 1:58:25 PM
ADK - 1961,0,0,0,1,1,2017,529974,4878773,18,1/20/2017 3:51:42 PM
ADK - 1961,0,0,0,1,1,2018,529974,4878773,18,1/11/2018 11:49:44 AM
ADK - 1976,0,0,0,1,1,2016,592827,4874877,18,2/9/2016 10:26:10 AM
ADK - 1976,0,0,0,1,1,2017,592827,4874877,18,1/24/2017 12:39:50 PM
ADK - 1976,0,0,0,1,1,2018,592827,4874877,18,1/10/2018 3:52:39 PM
ADK - 1981,0,0,0,1,1,2016,607064,4879241,18,1/11/2016 11:18:15 AM
ADK - 1981,0,0,0,1,1,2017,607064,4879241,18,1/27/2017 11:29:38 AM
ADK - 1981,0,0,0,1,1,2018,607064,4879241,18,1/11/2018 11:46:06 AM
ADK - 2032,0,0,0,1,1,2016,530275,4877020,18,2/8/2016 2:47:22 PM
ADK - 2032,0,0,0,1,1,2017,530275,4877020,18,1/20/2017 2:47:29 PM
ADK - 2032,0,0,0,1,1,2018,530275,4877020,18,1/11/2018 12:34:30 PM
ADK - 2035,1,1,1,1,1,2016,542684,4870607,18,2/9/2016 3:29:46 PM
ADK - 2035,0,0,0,1,1,2017,542684,4870607,18,1/19/2017 10:52:59 AM
ADK - 2035,1,1,1,1,1,2018,542684,4870607,18,1/11/2018 11:01:53 AM
ADK - 2041,0,0,0,1,1,2016,566519,4873517,18,2/23/2016 2:44:42 PM
ADK - 2041,0,0,0,1,1,2017,566519,4873517,18,1/27/2017 12:19:54 PM
ADK - 2041,0,0,0,1,1,2018,566519,4873517,18,1/24/2018 1:22:07 PM
ADK - 2049,0,0,NA,1,1,2016,594043,4874684,18,1/12/2016 9:18:01 AM
ADK - 2049,0,0,0,1,1,2017,594043,4874684,18,1/24/2017 11:26:55 AM
ADK - 2049,0,0,0,1,1,2018,594043,4874684,18,1/10/2018 2:46:41 PM
ADK - 2053,0,0,0,1,1,2016,610184,4875445,18,1/14/2016 11:51:31 AM
ADK - 2053,0,0,0,1,1,2017,610184,4875445,18,1/27/2017 1:19:47 PM
ADK - 2053,0,0,0,1,1,2018,610184,4875445,18,1/11/2018 12:29:23 PM
ADK - 2182,0,0,NA,1,1,2016,562403,4868751,18,2/23/2016 12:32:07 PM
ADK - 2182,0,0,0,1,1,2017,562403,4868751,18,1/19/2017 4:30:47 PM
ADK - 2182,0,0,0,1,1,2018,562403,4868751,18,1/10/2018 3:28:58 PM
ADK - 2187,0,0,0,1,1,2016,580791,4866526,18,2/3/2016 2:55:05 PM
ADK - 2187,0,0,0,1,1,2017,580791,4866526,18,1/19/2017 12:39:55 PM
ADK - 2187,0,0,0,1,1,2018,580791,4866526,18,1/3/2018 10:33:23 AM
ADK - 2265,0,0,0,1,1,2016,606080,4864007,18,1/14/2016 12:42:35 PM
ADK - 2265,0,0,0,1,1,2017,606080,4864007,18,1/25/2017 2:57:09 PM
ADK - 2265,0,0,0,1,1,2018,606080,4864007,18,1/4/2018 2:25:50 PM
ADK - 2327,0,0,0,1,1,2016,574185,4859966,18,2/3/2016 4:27:19 PM
ADK - 2327,0,0,0,1,1,2018,574185,4859966,18,1/10/2018 12:24:59 PM
ADK - 2332,0,0,NA,1,1,2016,590319,4859363,18,1/12/2016 11:09:51 AM
ADK - 2332,0,0,0,1,1,2017,590319,4859363,18,1/25/2017 11:54:10 AM
ADK - 2332,1,1,0,1,1,2018,590319,4859363,18,1/4/2018 11:24:34 AM
ADK - 2333,1,1,NA,1,1,2016,595215,4858094,18,1/12/2016 2:06:51 PM
ADK - 2333,0,0,0,1,1,2017,595215,4858094,18,1/25/2017 1:07:33 PM
ADK - 2333,0,1,1,1,1,2018,595215,4858094,18,1/4/2018 11:14:26 AM
ADK - 2336,0,NA,NA,1,1,2016,606253,4859155,18,1/26/2016 10:49:10 AM
ADK - 2336,0,1,0,1,1,2017,606253,4859155,18,1/25/2017 4:15:25 PM
ADK - 2336,0,NA,0,1,1,2018,606253,4859155,18,1/4/2018 3:38:32 PM
ADK - 2384,0,0,0,1,1,2016,517473,4853984,18,2/10/2016 12:00:00 PM
ADK - 2384,0,0,0,1,1,2017,517473,4853984,18,1/31/2017 3:25:45 PM
ADK - 2384,0,0,0,1,1,2018,517473,4853984,18,1/24/2018 12:57:43 PM
ADK - 2387,0,0,0,1,1,2016,530624,4857034,18,2/10/2016 9:45:18 AM
ADK - 2387,1,1,0,1,1,2017,530624,4857034,18,1/31/2017 12:14:25 PM
ADK - 2387,NA,NA,0,1,1,2018,530624,4857034,18,1/11/2018 3:31:20 PM
ADK - 2404,0,1,NA,1,1,2016,595997,4855536,18,1/12/2016 12:44:14 PM
ADK - 2404,0,0,0,1,1,2017,595997,4855536,18,1/25/2017 2:49:30 PM
ADK - 2404,1,1,1,1,1,2018,595997,4855536,18,1/4/2018 12:13:56 PM
ADK - 2452,0,0,0,1,1,2016,507583,4853061,18,2/10/2016 12:57:35 PM
ADK - 2452,0,0,0,1,1,2017,507583,4853061,18,1/31/2017 4:17:47 PM
ADK - 2452,0,0,0,1,1,2018,507583,4853061,18,1/11/2018 11:54:19 AM
ADK - 2478,0,0,0,1,1,2016,608207,4850078,18,1/11/2016 12:28:11 PM
ADK - 2478,0,NA,NA,1,1,2017,608207,4850078,18,3/20/2017 4:10:10 PM
ADK - 2478,0,0,0,1,1,2018,608207,4850078,18,1/4/2018 2:04:28 PM
ADK - 2527,0,0,0,1,1,2016,523400,4846208,18,2/10/2016 11:41:54 AM
ADK - 2527,0,0,0,1,1,2017,523400,4846208,18,1/19/2017 2:56:35 PM
ADK - 2527,0,0,0,1,1,2018,523400,4846208,18,1/11/2018 1:21:12 PM
ADK - 2541,0,0,0,1,1,2016,578209,4847416,18,2/10/2016 10:44:32 AM
ADK - 2541,0,0,0,1,1,2017,578209,4847416,18,1/26/2017 12:21:36 PM
ADK - 2541,0,0,0,1,1,2018,578209,4847416,18,1/3/2018 11:48:42 AM
ADK - 2542,0,0,0,1,1,2016,579418,4846932,18,2/10/2016 10:20:20 AM
ADK - 2542,0,0,0,1,1,2017,579418,4846932,18,1/26/2017 11:58:25 AM
ADK - 2542,1,0,0,1,1,2018,579418,4846932,18,1/3/2018 12:20:51 PM
ADK - 2546,0,0,0,1,1,2016,593934,4849623,18,1/11/2016 4:33:32 PM
ADK - 2546,0,0,0,1,1,2017,593934,4849623,18,1/25/2017 4:13:01 PM
ADK - 2546,1,0,1,1,1,2018,593934,4849623,18,1/4/2018 12:51:16 PM
ADK - 2547,0,1,0,1,1,2016,600983,4847541,18,1/11/2016 3:06:35 PM
ADK - 2547,1,0,0,1,1,2017,600983,4847541,18,3/3/2017 3:40:13 PM
ADK - 2547,1,0,0,1,1,2018,600983,4847541,18,1/4/2018 11:42:21 AM
ADK - 2619,1,0,0,1,1,2016,602270,4844118,18,1/14/2016 12:29:30 PM
ADK - 2619,1,0,0,1,1,2017,602270,4844118,18,3/13/2017 10:46:13 AM
ADK - 2619,0,0,1,1,1,2018,602270,4844118,18,2/24/2018 12:30:38 PM
ADK - 2621,0,0,0,1,1,2016,610110,4844488,18,1/14/2016 1:59:19 PM
ADK - 2621,0,0,0,1,1,2017,610110,4844488,18,3/13/2017 9:48:42 AM
ADK - 2621,0,0,0,1,1,2018,610110,4844488,18,2/24/2018 11:11:08 AM
ADK - 2761,0,0,0,1,1,2016,604481,4837027,18,1/13/2016 2:46:35 PM
ADK - 2761,0,0,0,1,1,2017,604481,4837027,18,3/14/2017 11:12:23 AM
ADK - 2761,0,0,0,1,1,2018,604481,4837027,18,2/23/2018 2:28:46 PM
ADK - 2832,1,0,1,1,1,2016,603548,4830939,18,1/13/2016 4:03:18 PM
ADK - 2832,0,0,0,1,1,2017,603548,4830939,18,3/14/2017 12:19:23 PM
ADK - 2832,0,0,0,1,1,2018,603548,4830939,18,2/22/2018 4:17:14 PM
ADK - 2672,0,0,0,1,1,2016,534377,4838945,18,2/11/2016 12:01:10 PM
ADK - 2672,0,0,0,1,1,2018,534377,4838945,18,2/8/2018 12:00:12 PM
ADK - 2674,0,0,0,1,1,2016,541962,4841427,18,2/11/2016 11:02:34 AM
ADK - 2674,0,0,0,1,1,2018,541962,4841427,18,2/8/2018 12:49:01 PM
ADK - 2751,0,0,0,1,1,2016,563137,4837410,18,2/10/2016 11:17:21 AM
ADK - 2751,0,0,0,1,1,2017,563137,4837410,18,3/13/2017 10:46:52 AM
ADK - 2751,0,0,0,1,1,2018,563137,4837410,18,1/17/2018 2:16:31 PM
ADK - 2753,0,0,0,1,1,2016,574454,4838165,18,2/11/2016 1:04:50 PM
ADK - 2753,0,0,0,1,1,2018,574454,4838165,18,1/17/2018 3:59:25 PM
ADK - 2822,0,0,0,1,1,2016,563060,4832709,18,2/10/2016 1:20:39 PM
ADK - 2822,0,0,0,1,1,2017,563060,4832709,18,3/13/2017 3:13:30 PM
ADK - 2822,0,0,0,1,1,2018,563060,4832709,18,1/17/2018 11:48:49 AM
ADK - 2888,0,0,NA,1,1,2016,547184,4827651,18,2/9/2016 10:23:22 AM
ADK - 2888,0,0,0,1,1,2018,547184,4827651,18,2/6/2018 11:49:39 AM
ADK - 2891,0,0,0,1,1,2016,555630,4828244,18,2/9/2016 1:01:11 PM
ADK - 2891,0,0,0,1,1,2018,555630,4828244,18,2/6/2018 11:25:00 AM
ADK - 2957,0,0,0,1,1,2016,539313,4823213,18,2/11/2016 10:42:04 AM
ADK - 2957,0,0,0,1,1,2018,539313,4823213,18,2/6/2018 1:56:26 PM
ADK - 2972,0,0,1,1,1,2016,594656,4823253,18,1/13/2016 10:25:03 AM
ADK - 2972,0,0,1,1,1,2017,594656,4823253,18,3/2/2017 6:06:01 PM
ADK - 2972,1,0,0,1,1,2018,594656,4823253,18,1/4/2018 9:46:32 AM
ADK - 3032,1,0,NA,1,1,2016,552882,4820362,18,2/9/2016 9:33:44 AM
ADK - 3032,0,0,0,1,1,2017,552882,4820362,18,2/24/2017 1:41:13 PM
ADK - 3032,0,NA,NA,1,1,2018,552882,4820362,18,1/4/2015 3:20:11 PM
ADK - 3043,0,0,0,1,1,2016,595752,4819056,18,1/13/2016 9:54:31 AM
ADK - 3043,1,0,0,1,1,2017,595752,4819056,18,2/28/2017 4:22:52 PM
ADK - 3043,0,0,0,1,1,2018,595752,4819056,18,1/3/2018 1:06:40 PM
ADK - 3047,1,1,NA,1,1,2016,612435,4822466,18,1/12/2016 12:10:33 PM
ADK - 3047,0,0,1,1,1,2017,612435,4822466,18,3/1/2017 1:26:30 PM
ADK - 3047,0,0,0,1,1,2018,612435,4822466,18,1/9/2018 3:10:12 PM
ADK - 3106,0,0,NA,1,1,2016,565482,4815765,18,2/9/2016 11:13:00 AM
ADK - 3106,0,0,1,1,1,2017,565482,4815765,18,2/24/2017 3:53:14 PM
ADK - 3106,0,1,0,1,1,2018,565482,4815765,18,2/6/2018 10:08:19 AM
ADK - 3111,0,0,0,1,1,2016,582603,4818761,18,1/15/2016 9:13:03 AM
ADK - 3111,0,0,0,1,1,2017,582603,4818761,18,2/28/2017 2:21:51 PM
ADK - 3111,0,0,0,1,1,2018,582603,4818761,18,1/4/2018 6:47:17 PM
ADK - 3119,0,0,0,1,1,2016,615553,4816136,18,1/11/2016 11:17:51 AM
ADK - 3119,0,0,0,1,1,2017,615553,4816136,18,3/2/2017 11:12:36 AM
ADK - 3119,0,0,0,1,1,2018,615553,4816136,18,1/9/2018 9:49:14 AM
ADK - 3190,0,0,0,1,1,2016,613407,4815010,18,1/11/2016 1:05:23 PM
ADK - 3190,0,1,0,1,1,2017,613407,4815010,18,3/2/2017 1:39:48 PM
ADK - 3190,0,0,0,1,1,2018,613407,4815010,18,1/9/2018 12:25:13 PM
ADK - 3256,0,0,0,1,1,2016,595067,4807545,18,1/4/2016 10:05:00 AM
ADK - 3256,0,1,0,1,1,2018,595067,4807545,18,1/9/2018 11:40:12 AM
ADK - 3321,1,1,1,1,1,2016,572119,4805928,18,1/14/2016 2:15:32 PM
ADK - 3321,0,0,0,1,1,2017,572119,4805928,18,2/27/2017 2:04:56 PM
ADK - 3321,0,1,0,1,1,2018,572119,4805928,18,1/9/2018 3:21:21 PM
ADK - 3330,1,0,0,1,1,2016,605797,4805692,18,1/13/2016 1:15:57 PM
ADK - 3330,0,1,0,1,1,2018,605797,4805692,18,1/10/2018 9:49:27 AM
ADK - 3394,0,0,0,1,1,2016,581916,4800140,18,1/14/2016 11:46:39 AM
ADK - 3394,0,0,0,1,1,2017,581916,4800140,18,2/27/2017 4:19:25 PM
ADK - 3394,0,0,0,1,1,2018,581916,4800140,18,2/5/2018 4:40:45 PM
ADK - 3400,1,1,0,1,1,2016,602603,4801385,18,1/14/2016 9:37:45 AM
ADK - 3400,0,0,0,1,1,2018,602603,4801385,18,1/9/2018 1:23:55 PM
ADK - 3603,0,0,0,1,1,2016,565614,4791003,18,1/15/2016 11:48:17 AM
ADK - 3603,1,1,1,1,1,2017,565614,4791003,18,2/24/2017 2:30:55 PM
ADK - 3603,0,0,0,1,1,2018,565614,4791003,18,2/5/2018 12:26:21 PM
ADK - 3607,0,0,0,1,1,2016,581976,4788338,18,1/15/2016 2:50:01 PM
ADK - 3607,0,0,1,1,1,2017,581976,4788338,18,2/24/2017 5:48:30 PM
ADK - 3607,1,1,0,1,1,2018,581976,4788338,18,2/5/2018 3:05:33 PM
TH - 0403,1,1,1,1,2,2016,545501,4964587,18,1/26/2016 4:00:00 PM
TH - 0403,1,0,1,1,2,2017,545501,4964587,18,1/26/2017 7:00:00 AM
TH - 0403,1,1,1,1,2,2018,545501,4964587,18,1/30/2018 9:03:04 AM
TH - 0405,0,0,0,1,2,2016,551896,4963463,18,2/18/2016 9:00:00 AM
TH - 0405,1,0,0,1,2,2017,551896,4963463,18,1/26/2017 7:00:00 AM
TH - 0405,0,NA,NA,1,2,2018,551896,4963463,18,1/30/2018 7:00:00 AM
TH - 0406,0,0,0,1,2,2016,556542,4964438,18,2/18/2016 7:00:00 AM
TH - 0406,0,0,0,1,2,2017,556542,4964438,18,1/26/2017 7:00:00 AM
TH - 0406,0,NA,NA,1,2,2018,556542,4964438,18,2/8/2018 7:00:00 AM
TH - 0476,1,0,1,1,2,2016,553155,4959678,18,2/18/2016 7:00:00 AM
TH - 0476,1,1,0,1,2,2017,553155,4959678,18,1/26/2017 7:00:00 AM
TH - 0476,0,0,NA,1,2,2018,553155,4959678,18,2/8/2018 7:00:00 AM
TH - 0540,0,1,1,1,2,2016,527359,4954660,18,3/10/2016 7:00:00 AM
TH - 0540,1,1,1,1,2,2017,527359,4954660,18,3/9/2017 7:00:00 AM
TH - 0540,1,0,0,1,2,2018,527359,4954660,18,3/5/2018 10:15:00 AM
TH - 0542,1,0,1,1,2,2016,535180,4957347,18,2/18/2016 7:00:00 AM
TH - 0542,1,0,0,1,2,2017,535180,4957347,18,1/5/2017 7:00:00 AM
TH - 0542,1,0,1,1,2,2018,535180,4957347,18,1/2/2018 7:00:00 AM
TH - 0614,0,0,0,1,2,2016,538709,4951705,18,1/26/2016 7:00:00 AM
TH - 0614,0,NA,NA,1,2,2017,538709,4951705,18,2/7/2017 7:30:00 AM
TH - 0614,0,0,0,1,2,2018,538709,4951705,18,1/30/2018 7:00:00 AM
TH - 0678,1,NA,NA,1,2,2016,510613,4948675,18,1/15/2016 7:30:00 AM
TH - 0678,1,NA,NA,1,2,2017,510613,4948675,18,2/27/2017 7:30:00 AM
TH - 0678,0,1,0,1,2,2018,510613,4948675,18,2/21/2018 7:00:00 AM
TH - 0684,0,1,1,1,2,2016,535646,4948571,18,1/26/2016 7:00:00 AM
TH - 0684,1,1,1,1,2,2017,535646,4948571,18,2/16/2017 7:00:00 AM
TH - 0684,1,0,0,1,2,2018,535646,4948571,18,2/21/2018 6:46:21 PM
TH - 0685,0,0,0,1,2,2016,498979,4933351,18,1/5/2016 3:15:50 PM
TH - 0685,0,0,0,1,2,2017,498979,4933351,18,1/5/2017 7:00:00 AM
TH - 0685,NA,NA,NA,1,2,2018,498979,4933351,18,1/2/2018
TH - 0756,1,NA,NA,1,2,2016,536035,4945031,18,2/5/2016 2:33:47 PM
TH - 0756,1,1,0,1,2,2017,536035,4945031,18,1/5/2017 7:00:00 AM
TH - 0756,1,NA,NA,1,2,2018,536035,4945031,18,1/2/2018 7:00:00 AM
TH - 0818,0,0,0,1,2,2016,502424,4941418,18,2/18/2016 7:00:00 AM
TH - 0818,NA,NA,NA,1,2,2017,502424,4941418,18,3/14/2017 5:38:02 AM
TH - 0818,0,0,0,1,2,2018,502424,4941418,18,2/21/2018 6:58:12 AM
TH - 0893,1,1,1,1,2,2016,518310,4936877,18,1/5/2016 7:00:00 AM
TH - 0893,1,1,1,1,2,2017,518310,4936877,18,3/9/2017 7:00:00 AM
TH - 0893,1,1,1,1,2,2018,518310,4936877,18,3/5/2018 2:31:09 PM
TH - 0898,1,NA,NA,1,2,2016,539651,4938990,18,3/10/2016 7:00:00 AM
TH - 0898,1,1,1,1,2,2017,539651,4938990,18,1/5/2017 7:00:00 AM
TH - 0898,1,1,1,1,2,2018,539651,4938990,18,1/2/2018 7:00:00 AM
TH - 0959,1,1,1,1,2,2016,498979,4933351,18,1/5/2016 7:00:00 AM
TH - 0959,0,1,1,1,2,2017,498979,4933351,18,3/9/2017 7:00:00 AM
TH - 0959,1,0,0,1,2,2018,498979,4933351,18,2/21/2018 2:11:37 PM
TH - 0960,1,1,0,1,2,2016,503159,4933515,18,1/26/2016 7:00:00 AM
TH - 0960,1,0,1,1,2,2017,503159,4933515,18,2/16/2017 7:00:00 AM
TH - 0960,1,1,1,1,2,2018,503159,4933515,18,2/21/2018 1:00:00 PM
TH - 0969,1,1,1,1,2,2016,541030,4932707,18,3/10/2016 7:00:00 AM
TH - 0969,0,1,1,1,2,2017,541030,4932707,18,1/5/2017 7:00:00 AM
TH - 0969,1,0,0,1,2,2018,541030,4932707,18,1/2/2018 7:00:00 AM
TH - 1029,0,0,1,1,2,2016,494231,4929021,18,2/18/2016 7:00:00 AM
TH - 1029,1,1,0,1,2,2017,494231,4929021,18,2/13/2017 7:00:00 AM
TH - 1029,0,1,1,1,2,2018,494231,4929021,18,2/13/2018 11:05:38 AM
TH - 1036,1,0,0,1,2,2016,520579,4927759,18,3/10/2016 7:00:00 AM
TH - 1036,0,0,0,1,2,2017,520579,4927759,18,3/9/2017 7:00:00 AM
TH - 1036,1,NA,NA,1,2,2018,520579,4927759,18,3/16/2018 2:32:57 PM
TH - 1099,1,0,0,1,2,2016,492726,4925268,18,2/18/2016 7:00:00 AM
TH - 1099,0,1,0,1,2,2017,492726,4925268,18,2/13/2017 7:00:00 AM
TH - 1099,1,0,1,1,2,2018,492726,4925268,18,2/13/2018 10:23:30 AM
TH - 1105,1,0,1,1,2,2016,515873,4924415,18,3/10/2016 7:00:00 AM
TH - 1105,0,1,NA,1,2,2017,515873,4924415,18,3/9/2017 7:00:00 AM
TH - 1105,0,1,0,1,2,2018,515873,4924415,18,3/5/2018 10:30:12 AM
TH - 1107,1,1,1,1,2,2016,520937,4926346,18,2/18/2016 7:00:00 AM
TH - 1107,1,1,0,1,2,2017,520937,4926346,18,3/8/2017 7:00:00 AM
TH - 1107,1,0,0,1,2,2018,520937,4926346,18,3/5/2018 1:45:00 PM
TH - 1173,0,0,1,1,2,2016,503773,4922653,18,2/18/2016 7:00:00 AM
TH - 1173,1,NA,NA,1,2,2017,503773,4922653,18,2/23/2017 12:00:00 PM
TH - 1173,0,NA,NA,1,2,2018,503773,4922653,18,2/13/2018 1:12:02 PM
TH - 1236,0,1,NA,1,2,2016,472853,4917584,18,2/17/2016 7:00:00 AM
TH - 1236,1,1,1,1,2,2017,472853,4917584,18,2/16/2017 1:20:19 PM
TH - 1236,1,0,0,1,2,2018,472853,4917584,18,2/15/2018 11:36:38 AM
TH - 1306,0,0,NA,1,2,2016,466513,4914128,18,2/17/2016 2:34:34 PM
TH - 1306,0,1,0,1,2,2017,466513,4914128,18,2/16/2017 7:00:00 AM
TH - 1306,0,0,1,1,2,2018,466513,4914128,18,2/15/2018 9:00:00 AM
TH - 1309,1,1,NA,1,2,2016,480124,4912666,18,2/17/2016 7:00:00 AM
TH - 1309,1,0,1,1,2,2017,480124,4912666,18,2/16/2017 7:00:00 AM
TH - 1309,1,0,0,1,2,2018,480124,4912666,18,2/15/2018 7:00:00 AM
TH - 1314,0,0,0,1,2,2016,498207,4914141,18,2/18/2016 12:18:43 PM
TH - 1314,1,1,0,1,2,2017,498207,4914141,18,2/13/2017 1:58:07 PM
TH - 1314,0,1,0,1,2,2018,498207,4914141,18,2/13/2018 11:44:54 AM
TH - 1315,0,0,0,1,2,2016,501997,4912823,18,2/18/2016 7:00:00 AM
TH - 1315,0,0,0,1,2,2017,501997,4912823,18,2/13/2017 11:00:00 AM
TH - 1315,0,0,0,1,2,2018,501997,4912823,18,2/13/2018 12:12:57 PM
TH - 1391,0,0,0,1,2,2016,521884,4909653,18,2/15/2016 12:00:00 PM
TH - 1391,0,0,1,1,2,2017,521884,4909653,18,2/14/2017 7:00:00 AM
TH - 1391,0,1,NA,1,2,2018,521884,4909653,18,2/15/2018 5:31:54 PM
TH - 1448,0,1,NA,1,2,2016,467734,4906206,18,2/17/2016 12:00:00 PM
TH - 1448,1,0,0,1,2,2017,467734,4906206,18,2/16/2017 7:00:00 AM
TH - 1448,1,1,1,1,2,2018,467734,4906206,18,2/15/2018 1:14:17 PM
TH - 1452,1,1,0,1,2,2016,483151,4906314,18,1/28/2016 10:00:00 AM
TH - 1452,1,1,1,1,2,2017,483151,4906314,18,1/26/2017 9:45:00 AM
TH - 1452,1,0,1,1,2,2018,483151,4906314,18,1/25/2018 11:36:55 AM
TH - 1462,1,1,0,1,2,2016,523871,4904155,18,2/15/2016 7:00:00 AM
TH - 1462,1,0,1,1,2,2017,523871,4904155,18,2/14/2017 12:19:35 PM
TH - 1462,1,1,0,1,2,2018,523871,4904155,18,2/14/2018 11:00:00 AM
TH - 1463,NA,NA,NA,1,2,2016,525576,4904192,18,1/17/2016 11:34:28 PM
TH - 1463,0,1,0,1,2,2017,525576,4904192,18,2/14/2017 7:00:00 AM
TH - 1463,0,0,0,1,2,2018,525576,4904192,18,2/14/2018 10:59:38 AM
TH - 1521,1,0,NA,1,2,2016,474172,4903396,18,2/17/2016 12:43:56 PM
TH - 1521,1,1,0,1,2,2017,474172,4903396,18,2/16/2017 3:07:41 PM
TH - 1521,1,1,0,1,2,2018,474172,4903396,18,2/15/2018 1:16:59 PM
TH - 1529,NA,NA,NA,1,2,2016,506553,4902393,18,1/22/2016 12:52:35 PM
TH - 1529,0,0,0,1,2,2017,506553,4902393,18,2/14/2017 12:58:54 PM
TH - 1529,0,NA,NA,1,2,2018,506553,4902393,18,2/14/2018 7:00:00 AM
TH - 1530,0,0,0,1,2,2016,509003,4901801,18,2/15/2016 1:50:34 PM
TH - 1530,0,1,1,1,2,2017,509003,4901801,18,2/14/2017 1:00:00 PM
TH - 1530,0,1,1,1,2,2018,509003,4901801,18,2/14/2018 11:15:00 AM
TH - 1666,0,0,0,1,2,2016,486764,4896362,18,1/28/2016 7:00:00 AM
TH - 1666,0,0,0,1,2,2017,486764,4896362,18,1/26/2017 7:00:00 AM
TH - 1666,1,0,0,1,2,2018,486764,4896362,18,1/25/2018 11:36:50 AM
TH - 1668,0,0,0,1,2,2016,494989,4893133,18,1/28/2016 11:00:00 AM
TH - 1668,0,0,0,1,2,2017,494989,4893133,18,1/26/2017 10:54:06 AM
TH - 1668,0,0,0,1,2,2018,494989,4893133,18,1/25/2018 4:23:48 PM
TH - 1673,0,0,0,1,2,2016,506246,4886516,18,3/8/2016 1:43:39 PM
TH - 1673,1,0,1,1,2,2017,506246,4886516,18,3/7/2017 9:15:00 AM
TH - 1673,1,0,0,1,2,2018,506246,4886516,18,3/7/2018 1:56:08 PM
TH - 1733,0,0,1,1,2,2016,472637,4890503,18,1/25/2016 7:00:00 AM
TH - 1733,0,0,0,1,2,2017,472637,4890503,18,1/23/2017 7:00:00 AM
TH - 1733,0,0,0,1,2,2018,472637,4890503,18,1/23/2018 11:07:07 AM
TH - 1734,1,0,0,1,2,2016,475850,4890195,18,1/25/2016 7:00:00 AM
TH - 1734,1,1,0,1,2,2017,475850,4890195,18,1/23/2017 9:00:00 AM
TH - 1734,1,1,1,1,2,2018,475850,4890195,18,1/23/2018 11:52:15 AM
TH - 1740,0,NA,NA,1,2,2016,498308,4891681,18,2/8/2016 11:54:28 AM
TH - 1740,0,0,0,1,2,2017,498308,4891681,18,1/26/2017 11:45:00 AM
TH - 1740,0,0,0,1,2,2018,498308,4891681,18,1/25/2018 11:00:00 AM
TH - 1742,0,0,0,1,2,2016,508295,4891840,18,1/28/2016 7:00:00 AM
TH - 1742,0,0,0,1,2,2017,508295,4891840,18,1/26/2017 11:53:33 AM
TH - 1742,0,0,0,1,2,2018,508295,4891840,18,1/25/2018 11:15:00 AM
TH - 1811,0,0,0,1,2,2016,498005,4886551,18,2/19/2016 7:00:00 AM
TH - 1811,0,0,0,1,2,2017,498005,4886551,18,3/7/2017 10:13:32 AM
TH - 1811,0,0,0,1,2,2018,498005,4886551,18,3/7/2018 10:18:27 AM
TH - 1877,1,1,1,1,2,2016,477836,4883358,18,3/7/2016 12:15:00 PM
TH - 1877,1,1,1,1,2,2017,477836,4883358,18,1/23/2017 10:56:18 AM
TH - 1877,1,1,0,1,2,2018,477836,4883358,18,3/7/2018 3:21:30 PM
TH - 1884,0,0,0,1,2,2016,505594,4884318,18,2/19/2016 10:15:00 AM
TH - 1884,0,0,0,1,2,2017,505594,4884318,18,3/7/2017 7:00:00 AM
TH - 1884,0,0,0,1,2,2018,505594,4884318,18,3/7/2018 12:22:32 PM
TH - 1950,0,0,1,1,2,2016,486950,4879776,18,3/7/2016 7:00:00 AM
TH - 1950,0,0,0,1,2,2017,486950,4879776,18,2/15/2017 7:00:00 AM
TH - 1950,0,0,0,1,2,2018,486950,4879776,18,2/22/2018 3:20:46 PM
TH - 1951,0,NA,NA,1,2,2016,489655,4878364,18,3/7/2016 7:00:00 AM
TH - 1951,0,0,0,1,2,2017,489655,4878364,18,2/14/2017 11:00:00 AM
TH - 1951,0,0,0,1,2,2018,489655,4878364,18,2/22/2018 1:45:20 PM
TH - 2011,1,0,1,1,2,2016,448326,4873221,18,1/7/2016 11:16:00 AM
TH - 2011,0,0,0,1,2,2017,448326,4873221,18,1/4/2017 12:28:00 PM
TH - 2011,0,0,0,1,2,2018,448326,4873221,18,1/3/2018 7:00:00 AM
TH - 2015,0,1,1,1,2,2016,464311,4873402,18,3/7/2016 7:00:00 AM
TH - 2015,1,1,0,1,2,2017,464311,4873402,18,3/6/2017 7:00:00 AM
TH - 2015,0,0,0,1,2,2018,464311,4873402,18,3/6/2018 11:34:46 AM
TH - 2022,0,1,0,1,2,2016,491693,4875304,18,3/7/2016 7:00:00 AM
TH - 2022,0,0,0,1,2,2017,491693,4875304,18,2/14/2017 7:00:00 AM
TH - 2022,0,0,0,1,2,2018,491693,4875304,18,2/22/2018 12:37:40 PM
TH - 2083,NA,NA,NA,1,2,2016,452517,4871268,18,12/31/2015 12:15:15 PM
TH - 2083,0,0,0,1,2,2017,452517,4871268,18,1/4/2017 11:00:00 AM
TH - 2083,NA,NA,NA,1,2,2018,452517,4871268,18,2/8/2018 10:37:23 AM
TH - 2092,0,0,0,1,2,2016,487274,4872763,18,1/25/2016 11:15:00 AM
TH - 2092,0,0,0,1,2,2017,487274,4872763,18,1/23/2017 1:39:42 PM
TH - 2092,0,0,0,1,2,2018,487274,4872763,18,2/22/2018 10:49:12 AM
TH - 2162,0,0,0,1,2,2016,483660,4869007,18,1/25/2016 7:00:00 AM
TH - 2162,0,0,0,1,2,2017,483660,4869007,18,1/23/2017 11:25:52 AM
TH - 2162,0,0,0,1,2,2018,483660,4869007,18,1/23/2018 12:25:54 PM
TH - 2226,1,1,1,1,2,2016,456938,4861566,18,3/8/2016 10:45:00 AM
TH - 2226,1,1,1,1,2,2017,456938,4861566,18,3/6/2017 7:00:00 AM
TH - 2226,1,1,NA,1,2,2018,456938,4861566,18,3/6/2018 12:26:44 PM
TH - 2228,1,0,0,1,2,2016,462208,4864829,18,2/11/2016 1:32:43 AM
TH - 2228,1,1,1,1,2,2017,462208,4864829,18,3/6/2017 7:00:00 AM
TH - 2228,1,1,1,1,2,2018,462208,4864829,18,3/6/2018 12:50:39 PM
TH - 2238,0,0,0,1,2,2016,504319,4862656,18,2/19/2016 7:00:00 AM
TH - 2238,0,0,0,1,2,2017,504319,4862656,18,2/15/2017 10:15:00 AM
TH - 2238,0,0,0,1,2,2018,504319,4862656,18,2/15/2018 11:39:26 AM
TH - 2239,0,0,0,1,2,2016,507739,4864572,18,2/19/2016 12:30:34 PM
TH - 2239,0,0,0,1,2,2017,507739,4864572,18,2/15/2017 1:00:00 PM
TH - 2239,0,0,0,1,2,2018,507739,4864572,18,2/15/2018 12:21:03 PM
TH - 2374,0,NA,0,1,2,2016,478736,4854467,18,1/26/2016 9:15:00 AM
TH - 2374,NA,NA,NA,1,2,2017,478736,4854467,18,7/17/2012 12:32:19 AM
TH - 2374,0,NA,0,1,2,2018,478736,4854467,18,1/24/2018 2:57:00 PM
TH - 2506,1,0,0,1,2,2016,441775,4846940,18,1/7/2016 8:35:29 AM
TH - 2506,0,0,0,1,2,2017,441775,4846940,18,1/4/2017 10:00:00 AM
TH - 2506,NA,NA,NA,1,2,2018,441775,4846940,18,1/24/2018 12:44:44 PM
TH - 2577,0,0,0,1,2,2016,441482,4843818,18,1/7/2016 12:56:32 AM
TH - 2577,NA,NA,NA,1,2,2017,441482,4843818,18,1/1/2017 7:59:52 PM
TH - 2577,0,0,0,1,2,2018,441482,4843818,18,1/3/2018 7:00:00 AM
TH - 2585,1,0,0,1,2,2016,473323,4843860,18,1/26/2016 9:45:00 AM
TH - 2585,1,1,1,1,2,2017,473323,4843860,18,1/24/2017 7:00:00 AM
TH - 2585,0,1,NA,1,2,2018,473323,4843860,18,1/24/2018 12:21:50 PM
TH - 2651,0,0,0,1,2,2016,453479,4839656,18,3/6/2016 10:13:50 AM
TH - 2651,0,NA,NA,1,2,2017,453479,4839656,18,3/9/2017 7:00:00 AM
TH - 2651,0,0,0,1,2,2018,453479,4839656,18,2/14/2018 11:27:25 AM
TH - 2656,0,1,0,1,2,2016,472793,4841192,18,1/26/2016 10:45:00 AM
TH - 2656,0,0,0,1,2,2017,472793,4841192,18,1/24/2017 10:45:00 AM
TH - 2656,0,0,0,1,2,2018,472793,4841192,18,1/24/2018 1:59:17 PM
TH - 2719,0,1,NA,1,2,2016,439958,4837961,18,1/7/2016 11:27:21 PM
TH - 2719,0,0,0,1,2,2017,439958,4837961,18,1/4/2017 7:00:00 AM
TH - 2719,0,NA,0,1,2,2018,439958,4837961,18,1/3/2018 9:15:00 AM
TH - 2722,0,NA,NA,1,2,2016,454325,4838244,18,3/8/2016 11:00:12 AM
TH - 2722,0,0,0,1,2,2017,454325,4838244,18,3/9/2017 7:00:00 AM
TH - 2722,0,0,0,1,2,2018,454325,4838244,18,2/14/2018 12:26:49 PM
TH - 2795,0,0,0,1,2,2016,460722,4832741,18,1/9/2016 4:07:35 PM
TH - 2795,0,0,NA,1,2,2017,460722,4832741,18,1/9/2017 11:00:00 AM
TH - 2795,0,NA,NA,1,2,2018,460722,4832741,18,1/4/2018 2:12:39 PM
TH - 2866,0,0,0,1,2,2016,460534,4827891,18,1/4/2016 5:36:44 AM
TH - 2866,0,0,NA,1,2,2017,460534,4827891,18,1/9/2017 7:00:00 AM
TH - 2866,0,0,0,1,2,2018,460534,4827891,18,1/4/2018 7:00:00 AM
TH - 2871,1,NA,NA,1,2,2016,478762,4830019,18,12/14/2015 5:04:48 AM
TH - 2871,1,1,1,1,2,2017,478762,4830019,18,1/3/2017 7:00:00 AM
TH - 2871,0,0,0,1,2,2018,478762,4830019,18,1/2/2018 9:15:00 AM
TH - 2872,NA,NA,NA,1,2,2016,485454,4827909,18,12/19/2015 6:20:56 PM
TH - 2872,0,0,0,1,2,2017,485454,4827909,18,1/3/2017 7:00:00 AM
TH - 2872,0,NA,NA,1,2,2018,485454,4827909,18,1/11/2018 12:00:00 PM
TH - 2874,1,1,0,1,2,2016,492171,4829422,18,1/5/2016 8:30:00 AM
TH - 2874,0,0,0,1,2,2017,492171,4829422,18,1/3/2017 2:00:00 PM
TH - 2874,0,NA,NA,1,2,2018,492171,4829422,18,1/11/2018 11:49:12 AM
TH - 2936,1,0,0,1,2,2016,457376,4823355,18,1/4/2016 9:15:00 AM
TH - 2936,0,0,NA,1,2,2017,457376,4823355,18,1/9/2017 10:00:00 AM
TH - 2936,0,NA,NA,1,2,2018,457376,4823355,18,1/4/2018 12:36:23 PM
TH - 2940,0,0,1,1,2,2016,472077,4824884,18,1/26/2016 10:45:00 AM
TH - 2940,0,1,1,1,2,2017,472077,4824884,18,1/24/2017 7:00:00 AM
TH - 2940,1,NA,NA,1,2,2018,472077,4824884,18,2/2/2018 9:35:02 AM
TH - 2942,1,1,1,1,2,2016,480901,4823661,18,1/5/2016 11:15:00 AM
TH - 2942,1,1,1,1,2,2017,480901,4823661,18,1/3/2017 7:00:00 AM
TH - 2942,0,0,0,1,2,2018,480901,4823661,18,1/2/2018 10:00:00 AM
TH - 2943,NA,NA,NA,1,2,2016,482331,4826212,18,12/16/2015 7:23:40 AM
TH - 2943,1,1,1,1,2,2017,482331,4826212,18,1/3/2017 10:59:20 AM
TH - 2943,0,1,1,1,2,2018,482331,4826212,18,1/2/2018 10:55:43 AM
TH - 3073,0,1,1,1,2,2016,437407,4816595,18,1/4/2016 7:43:03 AM
TH - 3073,0,NA,NA,1,2,2017,437407,4816595,18,1/12/2017 11:47:18 AM
TH - 3073,0,1,1,1,2,2018,437407,4816595,18,1/4/2018 7:00:00 AM
TH - 3076,NA,NA,NA,1,2,2016,447565,4815350,18,12/28/2015 6:02:16 PM
TH - 3076,0,0,NA,1,2,2017,447565,4815350,18,1/9/2017 10:24:31 AM
TH - 3076,NA,NA,NA,1,2,2018,447565,4815350,18,1/4/2018 11:34:12 AM
TH - 3092,1,0,1,1,2,2016,508670,4818900,18,3/11/2016 7:00:00 AM
TH - 3092,0,0,NA,1,2,2017,508670,4818900,18,3/9/2017 1:35:47 PM
TH - 3092,0,0,0,1,2,2018,508670,4818900,18,3/5/2018 11:39:09 AM
TH - 3154,0,1,1,1,2,2016,476784,4813568,18,1/26/2016 9:15:00 AM
TH - 3154,0,0,0,1,2,2017,476784,4813568,18,1/24/2017 1:45:18 PM
TH - 3154,1,0,1,1,2,2018,476784,4813568,18,1/24/2018 3:16:17 PM
TH - 3157,1,NA,NA,1,2,2016,485594,4813216,18,3/11/2016 7:00:00 AM
TH - 3157,0,0,0,1,2,2017,485594,4813216,18,3/9/2017 7:00:00 AM
TH - 3157,0,0,0,1,2,2018,485594,4813216,18,3/5/2018 9:57:47 AM
TH - 3160,1,0,1,1,2,2016,499496,4814053,18,3/11/2016 7:00:00 AM
TH - 3160,0,0,0,1,2,2017,499496,4814053,18,3/9/2017 7:00:00 AM
TH - 3160,0,0,0,1,2,2018,499496,4814053,18,3/5/2018 10:45:06 AM
TH - 3304,1,0,0,1,2,2016,506578,4803575,18,3/11/2016 7:00:00 AM
TH - 3304,0,1,1,1,2,2017,506578,4803575,18,2/16/2017 7:00:00 AM
TH - 3304,0,0,1,1,2,2018,506578,4803575,18,3/5/2018 1:31:47 PM
TH - 3369,1,1,0,1,2,2016,483710,4800794,18,3/11/2016 7:00:00 AM
TH - 3369,0,1,1,1,2,2017,483710,4800794,18,3/9/2017 7:00:00 AM
TH - 3369,0,0,0,1,2,2018,483710,4800794,18,2/13/2018 9:35:59 AM
TH - 3372,0,0,0,1,2,2016,495180,4801350,18,1/5/2016 7:00:00 AM
TH - 3372,0,0,0,1,2,2017,495180,4801350,18,2/16/2017 7:00:00 AM
TH - 3372,0,1,0,1,2,2018,495180,4801350,18,2/13/2018 10:09:59 AM
TH - 3444,0,0,0,1,2,2016,500507,4796589,18,1/5/2016 7:00:00 AM
TH - 3444,0,0,0,1,2,2017,500507,4796589,18,2/16/2017 7:00:00 AM
TH - 3444,0,0,0,1,2,2018,500507,4796589,18,2/13/2018 10:37:09 AM
TH - 3445,1,1,1,1,2,2016,503976,4798499,18,1/5/2016 7:00:00 AM
TH - 3445,1,1,1,1,2,2017,503976,4798499,18,2/16/2017 7:00:00 AM
TH - 3445,0,1,1,1,2,2018,503976,4798499,18,2/13/2018 11:02:08 AM
TH - 3518,0,NA,NA,1,2,2016,510405,4793375,18,1/15/2016 7:30:00 AM
TH - 3518,0,0,0,1,2,2017,510405,4793375,18,1/25/2017 7:00:00 AM
TH - 3518,0,0,0,1,2,2018,510405,4793375,18,2/13/2018 11:40:08 AM
TH - 3591,0,NA,NA,1,2,2016,518059,4790405,18,2/5/2016 10:22:04 AM
TH - 3591,0,0,0,1,2,2017,518059,4790405,18,1/25/2017 7:00:00 AM
TH - 3591,0,0,0,1,2,2018,518059,4790405,18,1/22/2018 10:34:20 AM
TH - 3659,0,0,NA,1,2,2016,505305,4787933,18,1/28/2016 11:45:00 AM
TH - 3659,0,0,0,1,2,2017,505305,4787933,18,1/25/2017 2:45:00 PM
TH - 3659,0,0,0,1,2,2018,505305,4787933,18,1/22/2018 9:14:14 AM
TH - 3662,0,NA,NA,1,2,2016,517257,4787322,18,2/5/2016 10:51:56 AM
TH - 3662,0,NA,NA,1,2,2017,517257,4787322,18,2/4/2017 7:30:00 AM
TH - 3662,0,0,0,1,2,2018,517257,4787322,18,1/22/2018 11:09:08 AM
TH - 3663,0,0,0,1,2,2016,521533,4785773,18,1/5/2016 7:00:00 AM
TH - 3663,0,0,0,1,2,2017,521533,4785773,18,1/3/2017 7:00:00 AM
TH - 3663,0,0,0,1,2,2018,521533,4785773,18,1/22/2018 9:39:54 AM
TH - 3737,0,0,0,1,2,2016,534095,4780920,18,1/26/2016 7:00:00 AM
TH - 3737,0,0,0,1,2,2017,534095,4780920,18,1/3/2017 7:00:00 AM
TH - 3737,0,0,0,1,2,2018,534095,4780920,18,1/2/2018 9:46:19 AM
TH - 3803,0,0,0,1,2,2016,514133,4778671,18,1/26/2016 10:30:00 AM
TH - 3803,0,0,0,1,2,2017,514133,4778671,18,1/25/2017 7:00:00 AM
TH - 3803,0,0,0,1,2,2018,514133,4778671,18,1/22/2018 11:51:22 AM
TH - 3806,0,0,0,1,2,2016,526891,4777986,18,2/19/2016 7:00:00 AM
TH - 3806,1,NA,NA,1,2,2017,526891,4777986,18,1/13/2017 7:30:00 AM
TH - 3806,0,0,0,1,2,2018,526891,4777986,18,1/2/2018 10:33:51 AM
TH - 3879,1,0,0,1,2,2016,532236,4773138,18,2/19/2016 7:00:00 AM
TH - 3879,0,0,0,1,2,2017,532236,4773138,18,1/3/2017 7:00:00 AM
TH - 3879,0,0,0,1,2,2018,532236,4773138,18,1/2/2018 11:04:31 AM
TH - 3947,1,1,1,1,2,2016,520968,4771565,18,2/19/2016 7:00:00 AM
TH - 3947,1,1,0,1,2,2017,520968,4771565,18,1/3/2017 7:15:00 AM
TH - 3947,1,1,1,1,2,2018,520968,4771565,18,1/2/2018 12:59:29 PM
TH - 3949,0,0,0,1,2,2016,530748,4769779,18,2/19/2016 7:00:00 AM
TH - 3949,1,0,0,1,2,2017,530748,4769779,18,1/3/2017 7:00:00 AM
TH - 3949,1,0,1,1,2,2018,530748,4769779,18,1/2/2018 12:17:03 PM
TH - 4022,0,0,0,1,2,2016,535865,4767432,18,2/19/2016 7:00:00 AM
TH - 4022,0,0,0,1,2,2017,535865,4767432,18,1/3/2017 7:00:00 AM
TH - 4022,0,0,0,1,2,2018,535865,4767432,18,1/2/2018 11:38:48 AM
